DocEntry,LineNum,DocDate,DocTime,BaseRef,TransType,MovementType,ItemCode,BatchNum,WhsCode,Quantity,UoM,Remark,U_PTCode,U_Emisor,U_Receptor,CreateTS
100000,0,2025-07-01,063518,250720,Return,R,454.567.544,L250716-03,MP-02,61.505,kg,PLANTA CRE | Devolución parcial,512.178.032,Operario C,Línea 1,2025-07-01T06:35:18
100001,0,2025-07-01,074255,250725,Issue,I,451.100.241,L250701-01,MP-02,399.286,kg,PLANTA CRE | Proceso OK,513.157.032,Operario C,Línea 2,2025-07-01T07:42:55
100001,1,2025-07-01,081603,250725,Issue,I,451.100.241,L250701-02,MP-02,415.151,kg,PLANTA CRE | Proceso OK,513.157.032,Operario C,Línea 1,2025-07-01T08:16:03
100002,0,2025-07-01,120039,250729,Issue,I,454.515.383,L250701-03,MP-02,266.285,kg,PLANTA MAK | Proceso OK,505.112.005,Operario B,Tanque 3,2025-07-01T12:00:39
100003,0,2025-07-01,134134,250736,Issue,I,454.489.667,L250701-03,MP-01,627.182,kg,PLANTA MAK | Proceso OK,505.002.105,Operario C,Tanque 3,2025-07-01T13:41:34
100004,0,2025-07-01,141608,250714,Issue,I,451.610.070,L250701-03,MP-01,520.85,kg,PLANTA CRE | Proceso OK,505.015.089,Operario A,Línea 2,2025-07-01T14:16:08
100005,0,2025-07-01,152545,250727,Return,R,454.622.453,L250706-03,MP-01,45.308,kg,PLANTA CRE | Devolución parcial,501.173.005,Operario C,Tanque 5,2025-07-01T15:25:45
100006,0,2025-07-01,155543,250724,Issue,I,452.394.874,L250701-03,AD-01,51.0,ud,PLANTA CRE | Proceso OK,512.177.038,Operario C,Línea 1,2025-07-01T15:55:43
100007,0,2025-07-01,165753,250719,Issue,I,451.714.792,L250701-02,MP-01,323.886,L,PLANTA CRE | Proceso OK,512.102.024,Supervisor,Tanque 3,2025-07-01T16:57:53
100008,0,2025-07-02,115542,250726,Issue,I,451.130.282,L250702-03,MP-03,474.745,kg,PLANTA CRE | Proceso OK,512.110.009,Operario A,Tanque 5,2025-07-02T11:55:42
100009,0,2025-07-02,133735,250727,Issue,I,454.114.291,L250702-02,MP-01,660.785,kg,PLANTA CRE | Proceso OK,501.173.005,Operario A,Tanque 5,2025-07-02T13:37:35
100010,0,2025-07-02,150238,250731,Issue,I,453.655.811,L250702-01,MP-03,639.682,kg,PLANTA CRE | Proceso OK,505.177.074,Operario C,Tanque 5,2025-07-02T15:02:38
100011,0,2025-07-02,164520,250714,Issue,I,451.610.070,L250702-02,MP-03,241.683,kg,PLANTA CRE | Proceso OK,505.015.089,Operario C,Línea 2,2025-07-02T16:45:20
100012,0,2025-07-03,085438,250731,Issue,I,453.630.446,L250703-02,MP-03,254.62,kg,PLANTA CRE | Proceso OK,505.177.074,Operario B,Línea 1,2025-07-03T08:54:38
100013,0,2025-07-03,090850,250725,Issue,I,451.312.505,L250703-03,MP-01,438.214,kg,PLANTA CRE | Proceso OK,513.157.032,Operario A,Tanque 3,2025-07-03T09:08:50
100014,0,2025-07-03,121509,250716,Issue,I,451.738.922,L250703-03,MP-02,423.879,kg,PLANTA CRE | Proceso OK,505.094.071,Supervisor,Tanque 5,2025-07-03T12:15:09
100015,0,2025-07-03,150408,250732,Issue,I,454.531.397,L250703-03,AD-01,344.752,kg,PLANTA CRE | Proceso OK,513.167.038,Supervisor,Tanque 5,2025-07-03T15:04:08
100016,0,2025-07-03,165534,250721,Issue,I,455.553.506,L250703-02,MP-01,132.971,kg,PLANTA CRE | Proceso OK,513.113.009,Supervisor,Línea 1,2025-07-03T16:55:34
100017,0,2025-07-03,183619,250720,Issue,I,453.436.764,L250703-03,MP-01,475.323,kg,PLANTA CRE | Proceso OK,512.178.032,Operario B,Línea 2,2025-07-03T18:36:19
100018,0,2025-07-04,133834,250729,Issue,I,454.515.383,L250704-02,AD-01,740.08,kg,PLANTA MAK | Proceso OK,505.112.005,Operario A,Línea 1,2025-07-04T13:38:34
100019,0,2025-07-04,175831,250732,Issue,I,451.754.191,L250704-02,AD-01,558.495,kg,PLANTA CRE | Proceso OK,513.167.038,Operario B,Tanque 3,2025-07-04T17:58:31
100020,0,2025-07-05,084239,250733,Issue,I,455.656.602,L250705-03,MP-01,624.478,kg,PLANTA CRE | Proceso OK,501.116.074,Operario B,Línea 2,2025-07-05T08:42:39
100021,0,2025-07-05,103524,250728,Issue,I,451.572.695,L250705-02,AD-01,517.923,L,PLANTA CRE | Proceso OK,501.162.148,Operario B,Línea 1,2025-07-05T10:35:24
100022,0,2025-07-05,134727,250727,Issue,I,454.622.453,L250705-02,MP-03,484.271,kg,PLANTA CRE | Proceso OK,501.173.005,Operario A,Línea 1,2025-07-05T13:47:27
100023,0,2025-07-05,134923,250725,Issue,I,451.100.241,L250705-03,MP-01,329.924,kg,PLANTA CRE | Proceso OK,513.157.032,Operario A,Tanque 5,2025-07-05T13:49:23
100024,0,2025-07-05,150057,250729,Issue,I,451.425.055,L250705-02,MP-02,419.46,kg,PLANTA MAK | Proceso OK,505.112.005,Supervisor,Tanque 5,2025-07-05T15:00:57
100025,0,2025-07-05,150833,250731,Issue,I,453.655.811,L250705-02,MP-03,571.63,kg,PLANTA CRE | Proceso OK,505.177.074,Supervisor,Línea 1,2025-07-05T15:08:33
100026,0,2025-07-05,160057,250723,Issue,I,453.926.030,L250705-03,MP-03,378.085,kg,PLANTA MAK | Proceso OK,505.024.071,Supervisor,Tanque 3,2025-07-05T16:00:57
100027,0,2025-07-05,165733,250735,Issue,I,455.307.487,L250705-03,MP-02,1920.008,kg,PLANTA CRE | Proceso OK,505.084.127,Operario B,Línea 1,2025-07-05T16:57:33
100027,1,2025-07-05,170833,250735,Issue,I,453.608.345,L250705-01,AD-01,584.394,kg,PLANTA CRE | Proceso OK,505.084.127,Supervisor,Línea 1,2025-07-05T17:08:33
100028,0,2025-07-06,080904,250728,Issue,I,451.572.695,L250706-02,AD-01,22.0,ud,PLANTA CRE | Proceso OK,501.162.148,Operario B,Línea 2,2025-07-06T08:09:04
100029,0,2025-07-06,085044,250715,Issue,I,455.723.438,L250706-02,AD-01,290.367,kg,PLANTA CRE | Proceso OK,501.086.010,Operario B,Tanque 3,2025-07-06T08:50:44
100030,0,2025-07-06,095358,250721,Return,R,454.083.613,L250730-03,MP-01,65.717,kg,PLANTA CRE | Devolución parcial,513.113.009,Supervisor,Línea 1,2025-07-06T09:53:58
100031,0,2025-07-06,125547,250727,Issue,I,454.622.453,L250706-03,MP-02,274.695,kg,PLANTA CRE | Proceso OK,501.173.005,Operario C,Línea 1,2025-07-06T12:55:47
100032,0,2025-07-06,150920,250733,Issue,I,452.787.990,L250706-02,AD-01,730.363,kg,PLANTA CRE | Proceso OK,501.116.074,Operario B,Tanque 3,2025-07-06T15:09:20
100033,0,2025-07-06,152933,250711,Issue,I,452.792.297,L250706-02,MP-01,646.31,kg,PLANTA MAK | Proceso OK,513.161.127,Supervisor,Tanque 5,2025-07-06T15:29:33
100034,0,2025-07-06,161914,250716,Issue,I,451.738.922,L250706-02,MP-03,536.831,kg,PLANTA CRE | Proceso OK,505.094.071,Operario A,Línea 2,2025-07-06T16:19:14
100033,1,2025-07-06,161953,250711,Issue,I,451.876.239,L250706-03,MP-03,390.386,kg,PLANTA MAK | Proceso OK,513.161.127,Operario B,Línea 1,2025-07-06T16:19:53
100035,0,2025-07-06,180804,250730,Issue,I,455.520.806,L250706-03,AD-01,947.258,L,PLANTA CRE | Proceso OK,512.048.005,Supervisor,Línea 2,2025-07-06T18:08:04
100030,1,2025-07-06,183502,250721,Return,R,454.966.279,L250721-01,AD-01,142.705,L,PLANTA CRE | Devolución parcial,513.113.009,Operario C,Tanque 5,2025-07-06T18:35:02
100036,0,2025-07-07,061353,250717,Issue,I,452.155.237,L250707-02,MP-03,585.115,kg,PLANTA CRE | Proceso OK,505.070.054,Supervisor,Tanque 5,2025-07-07T06:13:53
100037,0,2025-07-07,075143,250732,Issue,I,451.754.191,L250707-01,AD-01,585.944,kg,PLANTA CRE | Proceso OK,513.167.038,Operario B,Tanque 5,2025-07-07T07:51:43
100038,0,2025-07-07,092837,250710,Issue,I,451.693.759,L250707-03,MP-01,631.664,kg,PLANTA CRE | Proceso OK,501.007.038,Operario B,Tanque 5,2025-07-07T09:28:37
100039,0,2025-07-07,102915,250713,Issue,I,454.195.097,L250707-02,MP-02,312.933,kg,PLANTA MAK | Proceso OK,505.139.010,Supervisor,Línea 2,2025-07-07T10:29:15
100040,0,2025-07-07,105028,250724,Return,R,452.394.874,L250725-01,MP-02,164.131,kg,PLANTA CRE | Devolución parcial,512.177.038,Operario A,Línea 1,2025-07-07T10:50:28
100041,0,2025-07-07,140410,250720,Issue,I,455.339.361,L250707-01,MP-02,590.41,kg,PLANTA CRE | Proceso OK,512.178.032,Operario B,Línea 2,2025-07-07T14:04:10
100042,0,2025-07-07,155653,250734,Issue,I,453.957.592,L250707-01,MP-01,605.703,kg,PLANTA CRE | Proceso OK,512.158.071,Operario C,Tanque 5,2025-07-07T15:56:53
100043,0,2025-07-07,161930,250733,Issue,I,452.787.990,L250707-02,MP-01,684.218,kg,PLANTA CRE | Proceso OK,501.116.074,Supervisor,Tanque 3,2025-07-07T16:19:30
100044,0,2025-07-08,060445,250712,Issue,I,453.246.060,L250708-02,MP-01,371.986,kg,PLANTA CRE | Proceso OK,501.154.054,Operario B,Línea 2,2025-07-08T06:04:45
100045,0,2025-07-08,070940,250711,Issue,I,452.792.297,L250708-01,AD-01,38.0,ud,PLANTA MAK | Proceso OK,513.161.127,Operario A,Línea 1,2025-07-08T07:09:40
100046,0,2025-07-08,074403,250733,Issue,I,452.787.990,L250708-03,AD-01,302.675,L,PLANTA CRE | Proceso OK,501.116.074,Operario C,Tanque 5,2025-07-08T07:44:03
100047,0,2025-07-08,074917,250715,Issue,I,455.010.115,L250708-01,AD-01,743.428,kg,PLANTA CRE | Proceso OK,501.086.010,Operario C,Tanque 3,2025-07-08T07:49:17
100048,0,2025-07-08,085019,250720,Issue,I,454.278.314,L250708-02,MP-02,590.34,kg,PLANTA CRE | Proceso OK,512.178.032,Operario A,Línea 1,2025-07-08T08:50:19
100048,1,2025-07-08,091347,250720,Issue,I,454.567.544,L250708-01,MP-03,283.392,kg,PLANTA CRE | Proceso OK,512.178.032,Operario A,Línea 2,2025-07-08T09:13:47
100049,0,2025-07-08,095301,250718,Issue,I,454.020.768,L250708-03,MP-01,351.264,kg,PLANTA CRE | Proceso OK,512.072.071,Operario A,Línea 2,2025-07-08T09:53:01
100050,0,2025-07-08,132026,250735,Issue,I,453.608.345,L250708-03,MP-01,474.115,kg,PLANTA CRE | Proceso OK,505.084.127,Operario B,Línea 1,2025-07-08T13:20:26
100051,0,2025-07-08,135828,250720,Return,R,453.436.764,L250703-03,AD-01,37.842,kg,PLANTA CRE | Devolución parcial,512.178.032,Operario B,Tanque 5,2025-07-08T13:58:28
100052,0,2025-07-08,141519,250728,Issue,I,455.895.154,L250708-03,MP-03,28.0,ud,PLANTA CRE | Proceso OK,501.162.148,Supervisor,Línea 2,2025-07-08T14:15:19
100053,0,2025-07-08,163335,250716,Issue,I,454.335.413,L250708-01,AD-01,343.806,L,PLANTA CRE | Proceso OK,505.094.071,Operario B,Tanque 5,2025-07-08T16:33:35
100050,1,2025-07-08,173006,250735,Issue,I,455.307.487,L250708-01,MP-01,673.733,kg,PLANTA CRE | Proceso OK,505.084.127,Supervisor,Tanque 3,2025-07-08T17:30:06
100054,0,2025-07-08,184841,250727,Issue,I,455.117.354,L250708-02,MP-02,312.719,kg,PLANTA CRE | Proceso OK,501.173.005,Operario B,Línea 2,2025-07-08T18:48:41
100055,0,2025-07-08,185904,250714,Issue,I,451.610.070,L250708-01,MP-03,375.331,kg,PLANTA CRE | Proceso OK,505.015.089,Supervisor,Tanque 3,2025-07-08T18:59:04
100056,0,2025-07-09,083727,250721,Issue,I,454.966.279,L250709-01,AD-01,484.001,kg,PLANTA CRE | Proceso OK,513.113.009,Supervisor,Tanque 3,2025-07-09T08:37:27
100057,0,2025-07-09,114856,250717,Return,R,454.711.157,L250730-03,MP-02,58.844,kg,PLANTA CRE | Devolución parcial,505.070.054,Supervisor,Tanque 3,2025-07-09T11:48:56
100058,0,2025-07-09,165434,250722,Issue,I,452.885.072,L250709-03,AD-01,328.9,kg,PLANTA CRE | Proceso OK,512.121.032,Operario A,Tanque 3,2025-07-09T16:54:34
100059,0,2025-07-09,181815,250729,Return,R,451.425.055,L250705-02,MP-02,43.588,kg,PLANTA MAK | Devolución parcial,505.112.005,Supervisor,Línea 1,2025-07-09T18:18:15
100060,0,2025-07-10,084839,250726,Return,R,455.730.333,L250724-01,MP-01,103.118,kg,PLANTA CRE | Devolución parcial,512.110.009,Operario A,Línea 2,2025-07-10T08:48:39
100061,0,2025-07-10,101303,250713,Issue,I,454.885.747,L250710-03,AD-01,440.148,kg,PLANTA MAK | Proceso OK,505.139.010,Operario B,Línea 2,2025-07-10T10:13:03
100062,0,2025-07-10,101349,250727,Issue,I,454.622.453,L250710-02,MP-01,572.936,kg,PLANTA CRE | Proceso OK,501.173.005,Operario A,Línea 2,2025-07-10T10:13:49
100063,0,2025-07-10,113022,250735,Issue,I,455.849.522,L250710-02,MP-03,745.155,kg,PLANTA CRE | Proceso OK,505.084.127,Operario B,Tanque 5,2025-07-10T11:30:22
100064,0,2025-07-10,153619,250716,Issue,I,455.322.680,L250710-01,AD-01,253.638,kg,PLANTA CRE | Proceso OK,505.094.071,Supervisor,Línea 2,2025-07-10T15:36:19
100065,0,2025-07-10,172348,250734,Issue,I,453.195.782,L250710-01,AD-01,743.248,kg,PLANTA CRE | Proceso OK,512.158.071,Operario B,Tanque 3,2025-07-10T17:23:48
100066,0,2025-07-11,071546,250719,Issue,I,455.825.124,L250711-03,MP-03,387.77,kg,PLANTA CRE | Proceso OK,512.102.024,Operario A,Línea 2,2025-07-11T07:15:46
100067,0,2025-07-11,072531,250720,Issue,I,453.436.764,L250711-01,MP-03,970.8,kg,PLANTA CRE | Proceso OK,512.178.032,Supervisor,Línea 1,2025-07-11T07:25:31
100068,0,2025-07-11,080603,250733,Issue,I,452.444.515,L250711-01,MP-03,326.901,kg,PLANTA CRE | Proceso OK,501.116.074,Supervisor,Línea 2,2025-07-11T08:06:03
100069,0,2025-07-11,081533,250723,Issue,I,454.171.711,L250711-02,MP-03,778.759,kg,PLANTA MAK | Proceso OK,505.024.071,Operario C,Tanque 5,2025-07-11T08:15:33
100070,0,2025-07-11,082656,250736,Issue,I,454.669.958,L250711-01,MP-01,320.994,kg,PLANTA MAK | Proceso OK,505.002.105,Operario B,Línea 1,2025-07-11T08:26:56
100071,0,2025-07-11,082958,250735,Return,R,453.608.345,L250705-01,AD-01,175.044,kg,PLANTA CRE | Devolución parcial,505.084.127,Supervisor,Tanque 3,2025-07-11T08:29:58
100072,0,2025-07-11,083934,250717,Return,R,452.155.237,L250725-02,AD-01,125.862,kg,PLANTA CRE | Devolución parcial,505.070.054,Operario B,Tanque 5,2025-07-11T08:39:34
100073,0,2025-07-11,091735,250735,Issue,I,455.849.522,L250711-03,MP-03,565.859,kg,PLANTA CRE | Proceso OK,505.084.127,Supervisor,Línea 2,2025-07-11T09:17:35
100074,0,2025-07-11,140202,250734,Issue,I,452.511.528,L250711-02,MP-02,338.029,kg,PLANTA CRE | Proceso OK,512.158.071,Operario B,Tanque 5,2025-07-11T14:02:02
100066,1,2025-07-11,182936,250719,Issue,I,453.871.701,L250711-01,MP-03,581.512,L,PLANTA CRE | Proceso OK,512.102.024,Supervisor,Línea 2,2025-07-11T18:29:36
100075,0,2025-07-11,184352,250721,Issue,I,454.966.279,L250711-01,MP-01,1063.178,kg,PLANTA CRE | Proceso OK,513.113.009,Operario B,Línea 1,2025-07-11T18:43:52
100076,0,2025-07-12,072738,250730,Issue,I,455.568.021,L250712-03,MP-03,728.444,L,PLANTA CRE | Proceso OK,512.048.005,Operario A,Tanque 5,2025-07-12T07:27:38
100077,0,2025-07-12,075123,250730,Return,R,455.520.806,L250729-02,MP-01,143.496,kg,PLANTA CRE | Devolución parcial,512.048.005,Operario C,Tanque 3,2025-07-12T07:51:23
100078,0,2025-07-12,153016,250735,Issue,I,455.758.863,L250712-01,AD-01,315.842,kg,PLANTA CRE | Proceso OK,505.084.127,Operario C,Línea 1,2025-07-12T15:30:16
100079,0,2025-07-12,160622,250715,Issue,I,452.760.453,L250712-01,MP-03,1244.064,L,PLANTA CRE | Proceso OK,501.086.010,Operario B,Línea 2,2025-07-12T16:06:22
100080,0,2025-07-12,160653,250725,Issue,I,453.665.419,L250712-03,AD-01,571.383,kg,PLANTA CRE | Proceso OK,513.157.032,Operario B,Tanque 5,2025-07-12T16:06:53
100081,0,2025-07-13,075345,250729,Issue,I,454.906.358,L250713-02,MP-02,33.0,ud,PLANTA MAK | Proceso OK,505.112.005,Operario A,Tanque 3,2025-07-13T07:53:45
100082,0,2025-07-13,094043,250722,Issue,I,452.885.072,L250713-03,AD-01,38.0,ud,PLANTA CRE | Proceso OK,512.121.032,Operario A,Línea 1,2025-07-13T09:40:43
100082,1,2025-07-13,095449,250722,Issue,I,455.521.765,L250713-02,MP-02,441.494,kg,PLANTA CRE | Proceso OK,512.121.032,Operario B,Tanque 5,2025-07-13T09:54:49
100083,0,2025-07-13,101137,250715,Issue,I,451.968.905,L250713-03,MP-03,267.623,kg,PLANTA CRE | Proceso OK,501.086.010,Operario A,Línea 1,2025-07-13T10:11:37
100084,0,2025-07-13,111342,250711,Issue,I,455.197.722,L250713-03,MP-03,1055.231,kg,PLANTA MAK | Proceso OK,513.161.127,Operario B,Tanque 3,2025-07-13T11:13:42
100085,0,2025-07-13,114910,250727,Issue,I,454.280.221,L250713-02,MP-03,731.806,kg,PLANTA CRE | Proceso OK,501.173.005,Operario C,Línea 2,2025-07-13T11:49:10
100086,0,2025-07-13,125037,250716,Issue,I,455.322.680,L250713-01,MP-03,543.718,kg,PLANTA CRE | Proceso OK,505.094.071,Operario C,Línea 2,2025-07-13T12:50:37
100087,0,2025-07-13,140759,250710,Issue,I,454.033.031,L250713-02,MP-03,681.192,kg,PLANTA CRE | Proceso OK,501.007.038,Operario A,Tanque 5,2025-07-13T14:07:59
100088,0,2025-07-13,141804,250734,Issue,I,453.195.782,L250713-02,MP-01,1272.065,kg,PLANTA CRE | Proceso OK,512.158.071,Operario B,Tanque 3,2025-07-13T14:18:04
100089,0,2025-07-14,062219,250717,Issue,I,452.155.237,L250714-03,MP-01,204.073,kg,PLANTA CRE | Proceso OK,505.070.054,Supervisor,Tanque 5,2025-07-14T06:22:19
100090,0,2025-07-14,100245,250715,Issue,I,451.968.905,L250714-03,MP-01,184.965,kg,PLANTA CRE | Proceso OK,501.086.010,Supervisor,Línea 2,2025-07-14T10:02:45
100091,0,2025-07-14,120024,250713,Issue,I,453.434.421,L250714-01,AD-01,1025.386,kg,PLANTA MAK | Proceso OK,505.139.010,Operario A,Línea 2,2025-07-14T12:00:24
100092,0,2025-07-14,165052,250722,Issue,I,455.521.765,L250714-03,AD-01,589.077,kg,PLANTA CRE | Proceso OK,512.121.032,Supervisor,Tanque 5,2025-07-14T16:50:52
100093,0,2025-07-14,180105,250719,Issue,I,455.825.124,L250714-01,AD-01,449.066,kg,PLANTA CRE | Proceso OK,512.102.024,Supervisor,Tanque 5,2025-07-14T18:01:05
100094,0,2025-07-14,183929,250727,Issue,I,454.280.221,L250714-02,MP-01,872.543,kg,PLANTA CRE | Proceso OK,501.173.005,Operario C,Línea 2,2025-07-14T18:39:29
100095,0,2025-07-15,074314,250724,Issue,I,455.303.717,L250715-03,MP-03,237.043,kg,PLANTA CRE | Proceso OK,512.177.038,Supervisor,Tanque 3,2025-07-15T07:43:14
100096,0,2025-07-15,075948,250713,Issue,I,451.675.442,L250715-03,MP-01,243.191,L,PLANTA MAK | Proceso OK,505.139.010,Operario A,Línea 1,2025-07-15T07:59:48
100097,0,2025-07-15,091845,250720,Return,R,455.339.361,L250707-01,AD-01,131.273,kg,PLANTA CRE | Devolución parcial,512.178.032,Operario C,Línea 1,2025-07-15T09:18:45
100098,0,2025-07-15,094528,250727,Issue,I,455.499.540,L250715-02,MP-01,300.285,kg,PLANTA CRE | Proceso OK,501.173.005,Operario B,Línea 1,2025-07-15T09:45:28
100098,1,2025-07-15,102426,250727,Issue,I,455.499.540,L250715-03,MP-02,371.241,kg,PLANTA CRE | Proceso OK,501.173.005,Operario C,Tanque 3,2025-07-15T10:24:26
100099,0,2025-07-15,102804,250716,Issue,I,454.335.413,L250715-01,MP-03,835.944,kg,PLANTA CRE | Proceso OK,505.094.071,Supervisor,Línea 2,2025-07-15T10:28:04
100098,2,2025-07-15,102928,250727,Issue,I,454.114.291,L250715-02,MP-01,244.466,kg,PLANTA CRE | Proceso OK,501.173.005,Operario C,Línea 1,2025-07-15T10:29:28
100100,0,2025-07-15,132752,250719,Issue,I,451.714.792,L250715-02,MP-02,422.164,kg,PLANTA CRE | Proceso OK,512.102.024,Operario C,Tanque 5,2025-07-15T13:27:52
100101,0,2025-07-15,144517,250721,Issue,I,451.911.443,L250715-03,MP-02,424.324,L,PLANTA CRE | Proceso OK,513.113.009,Supervisor,Tanque 3,2025-07-15T14:45:17
100102,0,2025-07-15,152523,250711,Issue,I,452.792.297,L250715-01,MP-02,723.223,kg,PLANTA MAK | Proceso OK,513.161.127,Operario C,Tanque 5,2025-07-15T15:25:23
100103,0,2025-07-15,160103,250725,Issue,I,455.139.398,L250715-03,MP-01,454.572,kg,PLANTA CRE | Proceso OK,513.157.032,Operario C,Tanque 5,2025-07-15T16:01:03
100101,1,2025-07-15,180313,250721,Issue,I,455.553.506,L250715-01,MP-03,743.19,kg,PLANTA CRE | Proceso OK,513.113.009,Supervisor,Tanque 5,2025-07-15T18:03:13
100104,0,2025-07-16,101423,250720,Issue,I,454.567.544,L250716-03,MP-03,270.94,kg,PLANTA CRE | Proceso OK,512.178.032,Operario A,Línea 2,2025-07-16T10:14:23
100105,0,2025-07-16,132815,250725,Issue,I,453.665.419,L250716-02,MP-01,561.453,kg,PLANTA CRE | Proceso OK,513.157.032,Operario C,Línea 2,2025-07-16T13:28:15
100106,0,2025-07-16,142915,250734,Issue,I,453.957.592,L250716-02,MP-01,797.664,L,PLANTA CRE | Proceso OK,512.158.071,Operario A,Tanque 5,2025-07-16T14:29:15
100107,0,2025-07-16,174723,250726,Issue,I,453.623.152,L250716-01,MP-01,560.47,kg,PLANTA CRE | Proceso OK,512.110.009,Supervisor,Línea 1,2025-07-16T17:47:23
100108,0,2025-07-17,115435,250726,Issue,I,451.130.282,L250717-03,AD-01,486.26,kg,PLANTA CRE | Proceso OK,512.110.009,Operario B,Línea 1,2025-07-17T11:54:35
100109,0,2025-07-17,152409,250728,Issue,I,454.291.259,L250717-03,MP-01,509.934,kg,PLANTA CRE | Proceso OK,501.162.148,Operario C,Línea 2,2025-07-17T15:24:09
100110,0,2025-07-18,102838,250730,Issue,I,454.895.482,L250718-01,MP-01,265.476,kg,PLANTA CRE | Proceso OK,512.048.005,Operario C,Tanque 3,2025-07-18T10:28:38
100111,0,2025-07-18,154334,250735,Issue,I,455.849.522,L250718-03,MP-03,495.963,L,PLANTA CRE | Proceso OK,505.084.127,Operario C,Línea 1,2025-07-18T15:43:34
100112,0,2025-07-19,081744,250726,Issue,I,455.649.600,L250719-02,MP-01,507.814,kg,PLANTA CRE | Proceso OK,512.110.009,Operario C,Línea 1,2025-07-19T08:17:44
100113,0,2025-07-19,085243,250735,Issue,I,453.608.345,L250719-01,AD-01,327.699,kg,PLANTA CRE | Proceso OK,505.084.127,Operario B,Tanque 5,2025-07-19T08:52:43
100114,0,2025-07-19,114909,250725,Issue,I,451.312.505,L250719-03,MP-02,242.819,kg,PLANTA CRE | Proceso OK,513.157.032,Operario B,Línea 2,2025-07-19T11:49:09
100115,0,2025-07-19,153032,250713,Issue,I,454.885.747,L250719-01,MP-03,509.67,kg,PLANTA MAK | Proceso OK,505.139.010,Operario A,Línea 1,2025-07-19T15:30:32
100116,0,2025-07-19,172611,250724,Issue,I,454.110.243,L250719-01,MP-01,346.878,kg,PLANTA CRE | Proceso OK,512.177.038,Operario C,Tanque 3,2025-07-19T17:26:11
100117,0,2025-07-20,073701,250718,Issue,I,455.054.975,L250720-03,MP-01,825.096,kg,PLANTA CRE | Proceso OK,512.072.071,Operario B,Tanque 3,2025-07-20T07:37:01
100118,0,2025-07-20,083113,250719,Issue,I,453.871.701,L250720-02,MP-01,802.533,kg,PLANTA CRE | Proceso OK,512.102.024,Supervisor,Tanque 3,2025-07-20T08:31:13
100117,1,2025-07-20,134416,250718,Issue,I,454.020.768,L250720-01,AD-01,669.036,kg,PLANTA CRE | Proceso OK,512.072.071,Operario A,Línea 2,2025-07-20T13:44:16
100119,0,2025-07-20,143050,250716,Issue,I,455.322.680,L250720-02,AD-01,712.823,kg,PLANTA CRE | Proceso OK,505.094.071,Supervisor,Línea 2,2025-07-20T14:30:50
100120,0,2025-07-20,164156,250726,Issue,I,451.921.083,L250720-02,AD-01,603.065,kg,PLANTA CRE | Proceso OK,512.110.009,Operario A,Línea 1,2025-07-20T16:41:56
100119,1,2025-07-20,175530,250716,Issue,I,454.335.413,L250720-02,AD-01,391.381,kg,PLANTA CRE | Proceso OK,505.094.071,Supervisor,Línea 2,2025-07-20T17:55:30
100121,0,2025-07-21,062319,250728,Issue,I,451.572.695,L250721-01,MP-01,383.087,kg,PLANTA CRE | Proceso OK,501.162.148,Supervisor,Tanque 3,2025-07-21T06:23:19
100121,1,2025-07-21,074810,250728,Issue,I,453.084.597,L250721-02,MP-01,1069.522,kg,PLANTA CRE | Proceso OK,501.162.148,Operario A,Tanque 3,2025-07-21T07:48:10
100122,0,2025-07-21,075554,250722,Issue,I,455.521.765,L250721-02,MP-01,103.0,ud,PLANTA CRE | Proceso OK,512.121.032,Operario B,Tanque 3,2025-07-21T07:55:54
100123,0,2025-07-21,112042,250721,Issue,I,454.966.279,L250721-01,AD-01,1077.417,L,PLANTA CRE | Proceso OK,513.113.009,Operario C,Tanque 5,2025-07-21T11:20:42
100124,0,2025-07-21,130430,250727,Issue,I,454.114.291,L250721-03,MP-03,993.662,kg,PLANTA CRE | Proceso OK,501.173.005,Operario C,Línea 2,2025-07-21T13:04:30
100125,0,2025-07-21,132417,250711,Issue,I,451.047.678,L250721-03,MP-02,438.309,kg,PLANTA MAK | Proceso OK,513.161.127,Operario B,Línea 2,2025-07-21T13:24:17
100126,0,2025-07-21,141517,250712,Issue,I,453.246.060,L250721-01,MP-01,296.956,kg,PLANTA CRE | Proceso OK,501.154.054,Operario C,Línea 1,2025-07-21T14:15:17
100125,1,2025-07-21,144959,250711,Issue,I,451.876.239,L250721-01,MP-02,556.118,kg,PLANTA MAK | Proceso OK,513.161.127,Operario C,Línea 2,2025-07-21T14:49:59
100127,0,2025-07-21,175241,250727,Return,R,454.280.221,L250713-02,MP-02,57.452,kg,PLANTA CRE | Devolución parcial,501.173.005,Operario C,Tanque 3,2025-07-21T17:52:41
100128,0,2025-07-21,180422,250730,Issue,I,451.977.539,L250721-02,MP-03,552.1,kg,PLANTA CRE | Proceso OK,512.048.005,Operario A,Tanque 3,2025-07-21T18:04:22
100129,0,2025-07-21,180815,250732,Issue,I,454.531.397,L250721-02,MP-02,553.425,kg,PLANTA CRE | Proceso OK,513.167.038,Operario A,Línea 2,2025-07-21T18:08:15
100130,0,2025-07-22,095934,250712,Return,R,453.900.852,L250729-01,MP-02,31.959,kg,PLANTA CRE | Devolución parcial,501.154.054,Operario C,Tanque 5,2025-07-22T09:59:34
100131,0,2025-07-22,101207,250725,Issue,I,451.144.047,L250722-03,MP-03,494.01,kg,PLANTA CRE | Proceso OK,513.157.032,Operario A,Tanque 5,2025-07-22T10:12:07
100132,0,2025-07-22,113421,250730,Return,R,451.977.539,L250721-02,MP-03,114.32,kg,PLANTA CRE | Devolución parcial,512.048.005,Operario B,Línea 1,2025-07-22T11:34:21
100133,0,2025-07-22,172151,250713,Issue,I,452.804.485,L250722-03,MP-01,576.586,kg,PLANTA MAK | Proceso OK,505.139.010,Operario A,Tanque 5,2025-07-22T17:21:51
100134,0,2025-07-23,065012,250730,Issue,I,455.520.806,L250723-02,MP-01,220.58,kg,PLANTA CRE | Proceso OK,512.048.005,Operario C,Línea 2,2025-07-23T06:50:12
100135,0,2025-07-23,120734,250720,Issue,I,454.278.314,L250723-01,MP-02,356.894,L,PLANTA CRE | Proceso OK,512.178.032,Operario C,Línea 2,2025-07-23T12:07:34
100136,0,2025-07-23,142807,250712,Issue,I,453.246.060,L250723-02,AD-01,208.001,kg,PLANTA CRE | Proceso OK,501.154.054,Operario C,Tanque 5,2025-07-23T14:28:07
100137,0,2025-07-23,155732,250734,Return,R,452.511.528,L250711-02,AD-01,45.046,kg,PLANTA CRE | Devolución parcial,512.158.071,Supervisor,Línea 2,2025-07-23T15:57:32
100138,0,2025-07-24,064149,250733,Issue,I,455.656.602,L250724-02,MP-01,271.605,L,PLANTA CRE | Proceso OK,501.116.074,Operario A,Línea 1,2025-07-24T06:41:49
100139,0,2025-07-24,084359,250726,Issue,I,453.623.152,L250724-02,MP-03,537.694,kg,PLANTA CRE | Proceso OK,512.110.009,Operario C,Tanque 3,2025-07-24T08:43:59
100140,0,2025-07-24,094340,250714,Issue,I,455.253.593,L250724-02,MP-03,364.921,kg,PLANTA CRE | Proceso OK,505.015.089,Operario B,Tanque 3,2025-07-24T09:43:40
100139,1,2025-07-24,122921,250726,Issue,I,455.730.333,L250724-01,MP-01,447.564,kg,PLANTA CRE | Proceso OK,512.110.009,Operario B,Tanque 5,2025-07-24T12:29:21
100138,1,2025-07-24,143506,250733,Issue,I,452.444.515,L250724-02,AD-01,87.0,ud,PLANTA CRE | Proceso OK,501.116.074,Operario B,Tanque 3,2025-07-24T14:35:06
100141,0,2025-07-25,081348,250710,Issue,I,455.090.605,L250725-03,AD-01,459.835,L,PLANTA CRE | Proceso OK,501.007.038,Operario C,Tanque 3,2025-07-25T08:13:48
100142,0,2025-07-25,083642,250726,Issue,I,455.649.600,L250725-02,MP-03,1688.543,kg,PLANTA CRE | Proceso OK,512.110.009,Operario A,Línea 2,2025-07-25T08:36:42
100143,0,2025-07-25,102731,250717,Issue,I,452.155.237,L250725-02,MP-02,579.428,kg,PLANTA CRE | Proceso OK,505.070.054,Supervisor,Línea 2,2025-07-25T10:27:31
100144,0,2025-07-25,104619,250722,Issue,I,454.196.944,L250725-02,MP-03,515.883,kg,PLANTA CRE | Proceso OK,512.121.032,Operario C,Línea 1,2025-07-25T10:46:19
100142,1,2025-07-25,122152,250726,Issue,I,451.921.083,L250725-01,AD-01,1265.336,kg,PLANTA CRE | Proceso OK,512.110.009,Supervisor,Línea 2,2025-07-25T12:21:52
100145,0,2025-07-25,122350,250734,Issue,I,452.511.528,L250725-03,MP-01,435.853,kg,PLANTA CRE | Proceso OK,512.158.071,Operario B,Línea 1,2025-07-25T12:23:50
100146,0,2025-07-25,155122,250724,Issue,I,452.394.874,L250725-01,AD-01,799.769,kg,PLANTA CRE | Proceso OK,512.177.038,Operario C,Línea 2,2025-07-25T15:51:22
100147,0,2025-07-25,183808,250728,Issue,I,455.895.154,L250725-03,AD-01,311.154,kg,PLANTA CRE | Proceso OK,501.162.148,Operario B,Línea 2,2025-07-25T18:38:08
100148,0,2025-07-25,185111,250715,Issue,I,452.760.453,L250725-02,MP-02,489.435,kg,PLANTA CRE | Proceso OK,501.086.010,Operario B,Línea 2,2025-07-25T18:51:11
100149,0,2025-07-26,094131,250711,Issue,I,451.047.678,L250726-02,MP-01,1085.294,kg,PLANTA MAK | Proceso OK,513.161.127,Operario B,Tanque 3,2025-07-26T09:41:31
100150,0,2025-07-26,105852,250724,Return,R,454.110.243,L250719-01,MP-03,64.121,kg,PLANTA CRE | Devolución parcial,512.177.038,Operario C,Línea 2,2025-07-26T10:58:52
100151,0,2025-07-26,113719,250723,Issue,I,453.926.030,L250726-02,MP-02,636.913,kg,PLANTA MAK | Proceso OK,505.024.071,Operario A,Tanque 5,2025-07-26T11:37:19
100151,1,2025-07-26,135837,250723,Issue,I,453.926.030,L250726-01,MP-01,580.782,kg,PLANTA MAK | Proceso OK,505.024.071,Supervisor,Línea 2,2025-07-26T13:58:37
100152,0,2025-07-26,144121,250719,Issue,I,451.714.792,L250726-03,AD-01,784.966,kg,PLANTA CRE | Proceso OK,512.102.024,Operario C,Línea 1,2025-07-26T14:41:21
100153,0,2025-07-26,155449,250716,Issue,I,451.738.922,L250726-01,MP-01,465.064,kg,PLANTA CRE | Proceso OK,505.094.071,Operario B,Tanque 5,2025-07-26T15:54:49
100154,0,2025-07-26,155605,250732,Issue,I,454.531.397,L250726-02,MP-03,570.513,kg,PLANTA CRE | Proceso OK,513.167.038,Supervisor,Línea 2,2025-07-26T15:56:05
100155,0,2025-07-27,075606,250714,Issue,I,455.253.593,L250727-03,MP-01,594.576,kg,PLANTA CRE | Proceso OK,505.015.089,Operario B,Tanque 3,2025-07-27T07:56:06
100156,0,2025-07-27,092737,250727,Issue,I,454.280.221,L250727-02,MP-01,717.639,kg,PLANTA CRE | Proceso OK,501.173.005,Supervisor,Línea 1,2025-07-27T09:27:37
100157,0,2025-07-27,115945,250733,Issue,I,452.900.849,L250727-01,MP-03,1252.488,kg,PLANTA CRE | Proceso OK,501.116.074,Operario B,Línea 2,2025-07-27T11:59:45
100158,0,2025-07-27,122343,250728,Return,R,454.291.259,L250717-03,MP-02,113.823,kg,PLANTA CRE | Devolución parcial,501.162.148,Supervisor,Línea 1,2025-07-27T12:23:43
100159,0,2025-07-27,143022,250722,Issue,I,454.196.944,L250727-03,AD-01,182.402,kg,PLANTA CRE | Proceso OK,512.121.032,Operario B,Tanque 5,2025-07-27T14:30:22
100160,0,2025-07-27,170522,250735,Issue,I,455.502.726,L250727-01,MP-03,1019.194,kg,PLANTA CRE | Proceso OK,505.084.127,Operario A,Tanque 3,2025-07-27T17:05:22
100161,0,2025-07-27,175559,250736,Issue,I,454.669.958,L250727-01,AD-01,288.459,kg,PLANTA MAK | Proceso OK,505.002.105,Supervisor,Línea 2,2025-07-27T17:55:59
100162,0,2025-07-28,071827,250711,Issue,I,451.876.239,L250728-03,MP-01,390.837,L,PLANTA MAK | Proceso OK,513.161.127,Operario C,Tanque 3,2025-07-28T07:18:27
100163,0,2025-07-28,084629,250736,Issue,I,452.775.988,L250728-02,MP-02,440.658,kg,PLANTA MAK | Proceso OK,505.002.105,Operario A,Tanque 3,2025-07-28T08:46:29
100164,0,2025-07-28,132219,250715,Return,R,455.723.438,L250706-02,AD-01,17.329,kg,PLANTA CRE | Devolución parcial,501.086.010,Operario B,Línea 2,2025-07-28T13:22:19
100165,0,2025-07-28,162753,250714,Issue,I,455.253.593,L250728-02,MP-03,425.878,kg,PLANTA CRE | Proceso OK,505.015.089,Operario A,Línea 1,2025-07-28T16:27:53
100166,0,2025-07-28,181340,250720,Issue,I,455.339.361,L250728-02,MP-03,813.842,kg,PLANTA CRE | Proceso OK,512.178.032,Operario A,Línea 1,2025-07-28T18:13:40
100167,0,2025-07-29,064841,250730,Issue,I,455.520.806,L250729-02,AD-01,540.404,kg,PLANTA CRE | Proceso OK,512.048.005,Supervisor,Tanque 3,2025-07-29T06:48:41
100168,0,2025-07-29,080219,250715,Issue,I,452.760.453,L250729-01,MP-03,364.726,kg,PLANTA CRE | Proceso OK,501.086.010,Operario B,Tanque 5,2025-07-29T08:02:19
100167,1,2025-07-29,134431,250730,Issue,I,455.568.021,L250729-02,AD-01,561.124,kg,PLANTA CRE | Proceso OK,512.048.005,Operario C,Línea 2,2025-07-29T13:44:31
100169,0,2025-07-29,140903,250727,Issue,I,455.499.540,L250729-03,MP-02,1473.252,kg,PLANTA CRE | Proceso OK,501.173.005,Operario C,Tanque 5,2025-07-29T14:09:03
100170,0,2025-07-29,155141,250714,Issue,I,452.414.123,L250729-02,MP-02,277.135,kg,PLANTA CRE | Proceso OK,505.015.089,Supervisor,Tanque 3,2025-07-29T15:51:41
100171,0,2025-07-29,183449,250712,Issue,I,453.900.852,L250729-01,MP-01,189.305,kg,PLANTA CRE | Proceso OK,501.154.054,Supervisor,Línea 1,2025-07-29T18:34:49
100172,0,2025-07-29,184433,250716,Issue,I,453.520.317,L250729-01,AD-01,235.271,kg,PLANTA CRE | Proceso OK,505.094.071,Operario B,Línea 2,2025-07-29T18:44:33
100173,0,2025-07-30,073050,250722,Issue,I,452.885.072,L250730-03,MP-02,380.264,kg,PLANTA CRE | Proceso OK,512.121.032,Supervisor,Línea 2,2025-07-30T07:30:50
100174,0,2025-07-30,085529,250717,Issue,I,454.711.157,L250730-03,MP-01,406.449,kg,PLANTA CRE | Proceso OK,505.070.054,Operario A,Tanque 5,2025-07-30T08:55:29
100175,0,2025-07-30,095202,250711,Issue,I,451.047.678,L250730-03,MP-02,438.312,kg,PLANTA MAK | Proceso OK,513.161.127,Operario C,Línea 1,2025-07-30T09:52:02
100176,0,2025-07-30,141759,250735,Issue,I,455.502.726,L250730-02,AD-01,431.674,kg,PLANTA CRE | Proceso OK,505.084.127,Operario B,Línea 2,2025-07-30T14:17:59
100177,0,2025-07-30,163851,250721,Issue,I,454.083.613,L250730-03,AD-01,514.669,kg,PLANTA CRE | Proceso OK,513.113.009,Operario A,Línea 1,2025-07-30T16:38:51
100178,0,2025-07-31,070948,250724,Issue,I,454.586.368,L250731-03,MP-03,418.287,L,PLANTA CRE | Proceso OK,512.177.038,Operario A,Tanque 5,2025-07-31T07:09:48
100179,0,2025-07-31,094035,250733,Return,R,452.900.849,L250727-01,MP-03,357.242,kg,PLANTA CRE | Devolución parcial,501.116.074,Operario A,Tanque 3,2025-07-31T09:40:35
100180,0,2025-07-31,105410,250732,Issue,I,451.754.191,L250731-02,MP-03,350.72,L,PLANTA CRE | Proceso OK,513.167.038,Operario A,Tanque 3,2025-07-31T10:54:10
100181,0,2025-07-31,110636,250726,Issue,I,451.130.282,L250731-03,MP-01,188.786,kg,PLANTA CRE | Proceso OK,512.110.009,Operario C,Tanque 3,2025-07-31T11:06:36
100182,0,2025-07-31,133028,250720,Issue,I,453.436.764,L250731-02,MP-01,739.713,kg,PLANTA CRE | Proceso OK,512.178.032,Operario A,Tanque 3,2025-07-31T13:30:28
100183,0,2025-07-31,134918,250728,Issue,I,455.895.154,L250731-02,MP-02,624.403,L,PLANTA CRE | Proceso OK,501.162.148,Operario C,Tanque 5,2025-07-31T13:49:18
100184,0,2025-07-31,165956,250727,Return,R,455.117.354,L250708-02,AD-01,76.057,kg,PLANTA CRE | Devolución parcial,501.173.005,Supervisor,Tanque 5,2025-07-31T16:59:56
100185,0,2025-07-31,175020,250715,Issue,I,451.968.905,L250731-01,MP-01,54.0,ud,PLANTA CRE | Proceso OK,501.086.010,Supervisor,Tanque 3,2025-07-31T17:50:20
100178,1,2025-07-31,182500,250724,Issue,I,454.586.368,L250731-03,AD-01,405.024,kg,PLANTA CRE | Proceso OK,512.177.038,Operario C,Línea 1,2025-07-31T18:25:00
100186,0,2025-08-01,060621,250826,Issue,I,453.975.108,L250801-03,MP-02,325.546,kg,PLANTA CRE | Proceso OK,505.042.074,Supervisor,Línea 2,2025-08-01T06:06:21
100187,0,2025-08-01,075034,250819,Issue,I,452.256.150,L250801-03,MP-01,1423.791,L,PLANTA MAK | Proceso OK,505.106.001,Supervisor,Tanque 3,2025-08-01T07:50:34
100188,0,2025-08-01,080511,250815,Issue,I,454.729.803,L250801-02,MP-03,220.003,L,PLANTA CRE | Proceso OK,513.064.005,Operario C,Línea 1,2025-08-01T08:05:11
100189,0,2025-08-01,085954,250821,Issue,I,452.998.828,L250801-02,MP-03,240.343,kg,PLANTA CRE | Proceso OK,512.109.069,Supervisor,Línea 2,2025-08-01T08:59:54
100190,0,2025-08-01,122343,250823,Return,R,453.240.077,L250815-03,MP-02,44.885,kg,PLANTA MAK | Devolución parcial,505.075.038,Operario B,Línea 2,2025-08-01T12:23:43
100191,0,2025-08-01,173845,250813,Issue,I,451.945.461,L250801-01,MP-01,247.439,kg,PLANTA CRE | Proceso OK,505.100.032,Supervisor,Línea 2,2025-08-01T17:38:45
100192,0,2025-08-01,183714,250823,Issue,I,451.169.461,L250801-02,MP-01,567.077,L,PLANTA MAK | Proceso OK,505.075.038,Supervisor,Tanque 3,2025-08-01T18:37:14
100193,0,2025-08-01,183839,250833,Issue,I,454.837.241,L250801-02,MP-01,1030.375,kg,PLANTA CRE | Proceso OK,501.130.032,Operario A,Línea 1,2025-08-01T18:38:39
100194,0,2025-08-02,070006,250816,Issue,I,454.341.862,L250802-03,AD-01,676.518,kg,PLANTA CRE | Proceso OK,505.161.088,Operario C,Tanque 5,2025-08-02T07:00:06
100195,0,2025-08-02,105200,250811,Issue,I,451.064.849,L250802-03,MP-03,756.119,kg,PLANTA CRE | Proceso OK,501.135.074,Operario A,Tanque 5,2025-08-02T10:52:00
100196,0,2025-08-02,110535,250822,Issue,I,455.690.924,L250802-01,AD-01,88.0,ud,PLANTA CRE | Proceso OK,513.070.005,Operario C,Tanque 3,2025-08-02T11:05:35
100197,0,2025-08-02,111958,250813,Issue,I,451.945.461,L250802-01,MP-02,834.557,L,PLANTA CRE | Proceso OK,505.100.032,Supervisor,Línea 2,2025-08-02T11:19:58
100195,1,2025-08-02,121149,250811,Issue,I,451.064.849,L250802-01,AD-01,264.312,L,PLANTA CRE | Proceso OK,501.135.074,Operario A,Tanque 3,2025-08-02T12:11:49
100198,0,2025-08-02,123532,250818,Issue,I,455.171.502,L250802-01,AD-01,759.665,L,PLANTA CRE | Proceso OK,512.048.088,Operario B,Línea 2,2025-08-02T12:35:32
100199,0,2025-08-02,170726,250831,Issue,I,454.020.234,L250802-01,MP-01,326.115,kg,PLANTA MAK | Proceso OK,513.126.057,Operario A,Línea 1,2025-08-02T17:07:26
100200,0,2025-08-03,063516,250836,Issue,I,455.303.984,L250803-01,MP-01,337.118,kg,PLANTA CRE | Proceso OK,513.156.005,Supervisor,Línea 2,2025-08-03T06:35:16
100201,0,2025-08-03,102624,250835,Return,R,453.539.226,L250829-02,MP-03,5.022,ud,PLANTA MAK | Devolución parcial,501.161.127,Operario A,Línea 2,2025-08-03T10:26:24
100202,0,2025-08-03,104247,250821,Return,R,453.086.318,L250818-03,MP-01,74.237,kg,PLANTA CRE | Devolución parcial,512.109.069,Supervisor,Línea 1,2025-08-03T10:42:47
100203,0,2025-08-03,125643,250830,Issue,I,451.005.463,L250803-02,MP-03,802.362,L,PLANTA MAK | Proceso OK,512.037.054,Supervisor,Tanque 3,2025-08-03T12:56:43
100204,0,2025-08-03,170537,250822,Issue,I,451.184.229,L250803-01,AD-01,364.998,kg,PLANTA CRE | Proceso OK,513.070.005,Operario C,Tanque 5,2025-08-03T17:05:37
100205,0,2025-08-03,180423,250815,Issue,I,453.370.110,L250803-02,AD-01,287.473,kg,PLANTA CRE | Proceso OK,513.064.005,Operario C,Tanque 5,2025-08-03T18:04:23
100206,0,2025-08-04,071639,250833,Issue,I,451.471.455,L250804-01,AD-01,488.086,kg,PLANTA CRE | Proceso OK,501.130.032,Operario B,Tanque 5,2025-08-04T07:16:39
100207,0,2025-08-04,084517,250822,Issue,I,451.184.229,L250804-01,AD-01,544.316,kg,PLANTA CRE | Proceso OK,513.070.005,Supervisor,Línea 1,2025-08-04T08:45:17
100206,1,2025-08-04,104850,250833,Issue,I,451.510.764,L250804-01,MP-01,466.669,kg,PLANTA CRE | Proceso OK,501.130.032,Operario A,Línea 2,2025-08-04T10:48:50
100208,0,2025-08-04,122814,250811,Issue,I,452.587.550,L250804-02,MP-01,507.301,kg,PLANTA CRE | Proceso OK,501.135.074,Operario B,Línea 1,2025-08-04T12:28:14
100209,0,2025-08-04,141135,250817,Issue,I,453.026.495,L250804-02,MP-01,353.933,kg,PLANTA CRE | Proceso OK,505.115.057,Operario B,Línea 2,2025-08-04T14:11:35
100210,0,2025-08-04,164309,250820,Issue,I,454.672.094,L250804-02,MP-02,615.177,kg,PLANTA CRE | Proceso OK,505.014.069,Supervisor,Línea 2,2025-08-04T16:43:09
100211,0,2025-08-04,171328,250816,Issue,I,453.007.972,L250804-01,MP-02,549.072,L,PLANTA CRE | Proceso OK,505.161.088,Operario A,Tanque 5,2025-08-04T17:13:28
100210,1,2025-08-04,180815,250820,Issue,I,451.002.219,L250804-02,MP-03,309.988,kg,PLANTA CRE | Proceso OK,505.014.069,Supervisor,Tanque 3,2025-08-04T18:08:15
100212,0,2025-08-05,070200,250836,Issue,I,454.405.842,L250805-03,MP-03,762.163,kg,PLANTA CRE | Proceso OK,513.156.005,Operario A,Línea 2,2025-08-05T07:02:00
100213,0,2025-08-05,070848,250820,Issue,I,451.002.219,L250805-03,AD-01,725.831,L,PLANTA CRE | Proceso OK,505.014.069,Operario B,Línea 1,2025-08-05T07:08:48
100214,0,2025-08-05,113006,250817,Issue,I,453.026.495,L250805-02,AD-01,179.008,kg,PLANTA CRE | Proceso OK,505.115.057,Operario B,Tanque 5,2025-08-05T11:30:06
100215,0,2025-08-05,123525,250827,Issue,I,454.483.501,L250805-02,MP-03,445.369,L,PLANTA CRE | Proceso OK,512.052.009,Operario A,Línea 1,2025-08-05T12:35:25
100216,0,2025-08-05,124208,250822,Return,R,451.184.229,L250803-01,AD-01,76.396,kg,PLANTA CRE | Devolución parcial,513.070.005,Operario A,Línea 1,2025-08-05T12:42:08
100215,1,2025-08-05,181855,250827,Issue,I,454.483.501,L250805-03,MP-01,853.537,kg,PLANTA CRE | Proceso OK,512.052.009,Operario A,Línea 1,2025-08-05T18:18:55
100215,2,2025-08-05,183426,250827,Issue,I,453.084.485,L250805-03,MP-01,522.52,kg,PLANTA CRE | Proceso OK,512.052.009,Operario A,Tanque 3,2025-08-05T18:34:26
100217,0,2025-08-06,065455,250821,Issue,I,452.998.828,L250806-01,MP-01,1012.965,kg,PLANTA CRE | Proceso OK,512.109.069,Operario B,Línea 1,2025-08-06T06:54:55
100218,0,2025-08-06,095613,250835,Issue,I,454.809.587,L250806-03,AD-01,495.861,kg,PLANTA MAK | Proceso OK,501.161.127,Operario A,Tanque 3,2025-08-06T09:56:13
100219,0,2025-08-06,104204,250836,Issue,I,451.486.161,L250806-03,MP-01,328.932,kg,PLANTA CRE | Proceso OK,513.156.005,Supervisor,Línea 1,2025-08-06T10:42:04
100220,0,2025-08-06,104753,250828,Issue,I,455.698.711,L250806-02,MP-03,57.0,ud,PLANTA CRE | Proceso OK,513.106.038,Operario C,Línea 2,2025-08-06T10:47:53
100221,0,2025-08-06,124327,250823,Issue,I,452.140.799,L250806-02,AD-01,1431.555,L,PLANTA MAK | Proceso OK,505.075.038,Supervisor,Línea 1,2025-08-06T12:43:27
100222,0,2025-08-06,141738,250818,Issue,I,453.863.462,L250806-01,MP-02,1191.213,kg,PLANTA CRE | Proceso OK,512.048.088,Operario A,Tanque 3,2025-08-06T14:17:38
100223,0,2025-08-06,153609,250824,Issue,I,452.590.867,L250806-02,MP-03,360.918,kg,PLANTA CRE | Proceso OK,501.064.032,Operario A,Tanque 3,2025-08-06T15:36:09
100224,0,2025-08-06,173731,250811,Issue,I,451.940.578,L250806-03,AD-01,394.154,kg,PLANTA CRE | Proceso OK,501.135.074,Operario A,Línea 2,2025-08-06T17:37:31
100225,0,2025-08-07,064205,250831,Issue,I,452.752.023,L250807-02,MP-03,556.598,kg,PLANTA MAK | Proceso OK,513.126.057,Operario B,Línea 1,2025-08-07T06:42:05
100226,0,2025-08-07,080239,250823,Return,R,452.140.799,L250806-02,MP-03,396.65,L,PLANTA MAK | Devolución parcial,505.075.038,Operario C,Tanque 5,2025-08-07T08:02:39
100227,0,2025-08-07,083927,250830,Issue,I,451.500.341,L250807-01,MP-02,314.622,kg,PLANTA MAK | Proceso OK,512.037.054,Supervisor,Línea 1,2025-08-07T08:39:27
100228,0,2025-08-07,090603,250826,Issue,I,453.975.108,L250807-02,MP-03,37.0,ud,PLANTA CRE | Proceso OK,505.042.074,Operario C,Tanque 3,2025-08-07T09:06:03
100229,0,2025-08-07,112012,250817,Issue,I,451.303.426,L250807-03,MP-01,331.537,kg,PLANTA CRE | Proceso OK,505.115.057,Operario A,Línea 2,2025-08-07T11:20:12
100230,0,2025-08-07,133441,250813,Issue,I,451.945.461,L250807-01,MP-03,308.304,kg,PLANTA CRE | Proceso OK,505.100.032,Operario C,Tanque 5,2025-08-07T13:34:41
100225,1,2025-08-07,143158,250831,Issue,I,452.752.023,L250807-02,MP-03,326.65,kg,PLANTA MAK | Proceso OK,513.126.057,Operario B,Línea 1,2025-08-07T14:31:58
100231,0,2025-08-07,160413,250835,Issue,I,453.539.226,L250807-01,MP-01,632.069,kg,PLANTA MAK | Proceso OK,501.161.127,Operario B,Línea 1,2025-08-07T16:04:13
100232,0,2025-08-07,164532,250820,Return,R,454.080.136,L250827-02,MP-01,26.039,kg,PLANTA CRE | Devolución parcial,505.014.069,Supervisor,Tanque 3,2025-08-07T16:45:32
100233,0,2025-08-07,172106,250833,Issue,I,451.471.455,L250807-02,MP-02,298.49,kg,PLANTA CRE | Proceso OK,501.130.032,Supervisor,Línea 2,2025-08-07T17:21:06
100234,0,2025-08-07,173709,250836,Return,R,455.226.140,L250824-02,AD-01,41.915,kg,PLANTA CRE | Devolución parcial,513.156.005,Operario C,Tanque 3,2025-08-07T17:37:09
100235,0,2025-08-08,062428,250825,Issue,I,452.793.114,L250808-02,MP-03,574.586,kg,PLANTA MAK | Proceso OK,505.088.019,Operario A,Línea 1,2025-08-08T06:24:28
100236,0,2025-08-08,075527,250820,Issue,I,454.672.094,L250808-02,MP-01,928.393,kg,PLANTA CRE | Proceso OK,505.014.069,Operario A,Tanque 3,2025-08-08T07:55:27
100237,0,2025-08-08,081136,250836,Return,R,455.303.984,L250825-02,MP-02,153.155,kg,PLANTA CRE | Devolución parcial,513.156.005,Operario B,Tanque 5,2025-08-08T08:11:36
100238,0,2025-08-08,084346,250836,Issue,I,454.816.817,L250808-03,AD-01,170.384,kg,PLANTA CRE | Proceso OK,513.156.005,Operario C,Tanque 3,2025-08-08T08:43:46
100239,0,2025-08-08,085342,250829,Issue,I,455.290.306,L250808-03,AD-01,879.238,kg,PLANTA CRE | Proceso OK,512.150.009,Operario C,Tanque 3,2025-08-08T08:53:42
100240,0,2025-08-08,104123,250810,Issue,I,452.626.877,L250808-02,MP-03,624.292,kg,PLANTA MAK | Proceso OK,505.004.054,Operario C,Línea 1,2025-08-08T10:41:23
100241,0,2025-08-08,123808,250817,Issue,I,451.119.852,L250808-01,MP-03,634.282,kg,PLANTA CRE | Proceso OK,505.115.057,Operario B,Tanque 5,2025-08-08T12:38:08
100242,0,2025-08-08,131905,250827,Issue,I,451.316.804,L250808-02,AD-01,933.399,kg,PLANTA CRE | Proceso OK,512.052.009,Supervisor,Línea 2,2025-08-08T13:19:05
100243,0,2025-08-08,135808,250828,Issue,I,454.040.406,L250808-02,AD-01,517.235,kg,PLANTA CRE | Proceso OK,513.106.038,Operario A,Línea 1,2025-08-08T13:58:08
100244,0,2025-08-08,142626,250812,Issue,I,453.243.310,L250808-02,MP-02,846.852,L,PLANTA MAK | Proceso OK,501.036.089,Supervisor,Línea 1,2025-08-08T14:26:26
100245,0,2025-08-08,151251,250824,Return,R,454.364.958,L250827-02,AD-01,2.419,ud,PLANTA CRE | Devolución parcial,501.064.032,Operario A,Tanque 3,2025-08-08T15:12:51
100235,1,2025-08-08,170415,250825,Issue,I,452.793.114,L250808-01,AD-01,348.468,kg,PLANTA MAK | Proceso OK,505.088.019,Operario B,Tanque 3,2025-08-08T17:04:15
100246,0,2025-08-09,070844,250832,Issue,I,451.833.179,L250809-03,AD-01,553.369,L,PLANTA CRE | Proceso OK,501.066.148,Supervisor,Línea 2,2025-08-09T07:08:44
100247,0,2025-08-09,092919,250828,Issue,I,454.040.406,L250809-02,MP-03,327.304,kg,PLANTA CRE | Proceso OK,513.106.038,Supervisor,Tanque 3,2025-08-09T09:29:19
100248,0,2025-08-09,093338,250820,Issue,I,451.002.219,L250809-01,MP-03,478.3,kg,PLANTA CRE | Proceso OK,505.014.069,Operario A,Tanque 3,2025-08-09T09:33:38
100247,1,2025-08-09,095852,250828,Issue,I,451.177.283,L250809-03,MP-01,946.47,kg,PLANTA CRE | Proceso OK,513.106.038,Operario B,Tanque 5,2025-08-09T09:58:52
100249,0,2025-08-09,114645,250829,Issue,I,455.290.306,L250809-02,AD-01,268.515,L,PLANTA CRE | Proceso OK,512.150.009,Operario A,Línea 2,2025-08-09T11:46:45
100250,0,2025-08-09,122311,250827,Issue,I,453.084.485,L250809-03,AD-01,668.599,kg,PLANTA CRE | Proceso OK,512.052.009,Operario B,Tanque 3,2025-08-09T12:23:11
100251,0,2025-08-10,082520,250816,Issue,I,454.110.139,L250810-03,MP-02,692.147,kg,PLANTA CRE | Proceso OK,505.161.088,Supervisor,Tanque 3,2025-08-10T08:25:20
100252,0,2025-08-10,083820,250825,Issue,I,455.722.940,L250810-03,MP-01,589.048,kg,PLANTA MAK | Proceso OK,505.088.019,Supervisor,Línea 1,2025-08-10T08:38:20
100253,0,2025-08-10,094834,250833,Return,R,451.510.764,L250804-01,MP-02,103.063,kg,PLANTA CRE | Devolución parcial,501.130.032,Operario A,Tanque 3,2025-08-10T09:48:34
100251,1,2025-08-10,121752,250816,Issue,I,454.110.139,L250810-03,AD-01,342.002,kg,PLANTA CRE | Proceso OK,505.161.088,Operario B,Tanque 3,2025-08-10T12:17:52
100254,0,2025-08-10,160514,250829,Issue,I,451.494.066,L250810-01,MP-03,732.037,kg,PLANTA CRE | Proceso OK,512.150.009,Operario B,Tanque 3,2025-08-10T16:05:14
100255,0,2025-08-11,102916,250823,Issue,I,453.326.464,L250811-03,MP-03,510.25,kg,PLANTA MAK | Proceso OK,505.075.038,Operario B,Tanque 5,2025-08-11T10:29:16
100256,0,2025-08-11,111107,250832,Issue,I,453.476.052,L250811-02,MP-03,389.351,kg,PLANTA CRE | Proceso OK,501.066.148,Operario A,Tanque 3,2025-08-11T11:11:07
100257,0,2025-08-11,113839,250826,Issue,I,453.021.327,L250811-02,MP-02,675.069,kg,PLANTA CRE | Proceso OK,505.042.074,Operario A,Línea 1,2025-08-11T11:38:39
100258,0,2025-08-11,133506,250836,Issue,I,454.816.817,L250811-02,AD-01,378.843,L,PLANTA CRE | Proceso OK,513.156.005,Operario C,Tanque 3,2025-08-11T13:35:06
100259,0,2025-08-12,061613,250825,Issue,I,452.793.114,L250812-01,MP-01,77.0,ud,PLANTA MAK | Proceso OK,505.088.019,Operario C,Tanque 5,2025-08-12T06:16:13
100260,0,2025-08-12,064159,250832,Return,R,451.873.298,L250817-03,AD-01,95.628,kg,PLANTA CRE | Devolución parcial,501.066.148,Operario B,Línea 1,2025-08-12T06:41:59
100259,1,2025-08-12,102008,250825,Issue,I,451.023.152,L250812-03,AD-01,385.099,kg,PLANTA MAK | Proceso OK,505.088.019,Operario A,Tanque 3,2025-08-12T10:20:08
100261,0,2025-08-12,134738,250810,Issue,I,455.336.089,L250812-01,MP-02,322.661,kg,PLANTA MAK | Proceso OK,505.004.054,Supervisor,Línea 2,2025-08-12T13:47:38
100262,0,2025-08-12,160820,250817,Return,R,451.303.426,L250815-03,MP-02,121.614,kg,PLANTA CRE | Devolución parcial,505.115.057,Operario C,Línea 1,2025-08-12T16:08:20
100261,1,2025-08-12,164838,250810,Issue,I,455.336.089,L250812-03,AD-01,231.037,kg,PLANTA MAK | Proceso OK,505.004.054,Operario B,Línea 2,2025-08-12T16:48:38
100263,0,2025-08-12,185320,250813,Issue,I,453.095.549,L250812-02,AD-01,637.477,kg,PLANTA CRE | Proceso OK,505.100.032,Operario A,Tanque 5,2025-08-12T18:53:20
100264,0,2025-08-13,062554,250823,Issue,I,453.240.077,L250813-03,MP-03,521.526,kg,PLANTA MAK | Proceso OK,505.075.038,Operario C,Línea 2,2025-08-13T06:25:54
100265,0,2025-08-13,062705,250826,Issue,I,453.975.108,L250813-02,MP-02,715.976,kg,PLANTA CRE | Proceso OK,505.042.074,Operario A,Tanque 3,2025-08-13T06:27:05
100266,0,2025-08-13,071531,250820,Issue,I,454.080.136,L250813-01,MP-02,97.453,kg,PLANTA CRE | Proceso OK,505.014.069,Supervisor,Tanque 5,2025-08-13T07:15:31
100267,0,2025-08-13,083425,250811,Issue,I,455.925.518,L250813-03,MP-02,537.318,kg,PLANTA CRE | Proceso OK,501.135.074,Operario C,Línea 1,2025-08-13T08:34:25
100267,1,2025-08-13,101259,250811,Issue,I,452.587.550,L250813-01,AD-01,316.737,L,PLANTA CRE | Proceso OK,501.135.074,Operario C,Línea 2,2025-08-13T10:12:59
100268,0,2025-08-13,130756,250832,Issue,I,451.873.298,L250813-03,MP-01,243.78,kg,PLANTA CRE | Proceso OK,501.066.148,Operario B,Tanque 5,2025-08-13T13:07:56
100269,0,2025-08-13,133828,250828,Issue,I,455.698.711,L250813-01,MP-01,421.941,kg,PLANTA CRE | Proceso OK,513.106.038,Operario B,Tanque 3,2025-08-13T13:38:28
100270,0,2025-08-13,163808,250816,Issue,I,454.110.139,L250813-02,AD-01,344.588,L,PLANTA CRE | Proceso OK,505.161.088,Operario C,Tanque 5,2025-08-13T16:38:08
100271,0,2025-08-13,171005,250814,Issue,I,455.565.422,L250813-03,AD-01,720.168,kg,PLANTA CRE | Proceso OK,501.159.148,Operario A,Línea 1,2025-08-13T17:10:05
100270,1,2025-08-13,175751,250816,Issue,I,454.341.862,L250813-03,AD-01,355.74,kg,PLANTA CRE | Proceso OK,505.161.088,Operario A,Tanque 3,2025-08-13T17:57:51
100272,0,2025-08-13,182811,250827,Issue,I,451.316.804,L250813-03,MP-01,366.579,L,PLANTA CRE | Proceso OK,512.052.009,Operario B,Línea 1,2025-08-13T18:28:11
100271,1,2025-08-13,184446,250814,Issue,I,453.549.294,L250813-03,MP-03,1567.644,kg,PLANTA CRE | Proceso OK,501.159.148,Supervisor,Línea 2,2025-08-13T18:44:46
100264,1,2025-08-13,184522,250823,Issue,I,455.112.160,L250813-01,MP-02,456.737,kg,PLANTA MAK | Proceso OK,505.075.038,Operario A,Tanque 5,2025-08-13T18:45:22
100273,0,2025-08-14,061332,250813,Issue,I,454.690.620,L250814-03,MP-02,869.382,kg,PLANTA CRE | Proceso OK,505.100.032,Operario A,Línea 2,2025-08-14T06:13:32
100274,0,2025-08-14,071945,250828,Issue,I,451.177.283,L250814-03,MP-03,497.951,kg,PLANTA CRE | Proceso OK,513.106.038,Operario A,Línea 2,2025-08-14T07:19:45
100275,0,2025-08-14,073246,250831,Issue,I,452.745.135,L250814-03,MP-03,605.749,kg,PLANTA MAK | Proceso OK,513.126.057,Operario B,Tanque 5,2025-08-14T07:32:46
100276,0,2025-08-14,164110,250832,Issue,I,453.476.052,L250814-01,MP-01,382.423,kg,PLANTA CRE | Proceso OK,501.066.148,Operario A,Línea 2,2025-08-14T16:41:10
100276,1,2025-08-14,175543,250832,Issue,I,451.873.298,L250814-01,MP-03,344.047,kg,PLANTA CRE | Proceso OK,501.066.148,Operario C,Línea 1,2025-08-14T17:55:43
100277,0,2025-08-15,065145,250817,Issue,I,453.026.495,L250815-02,MP-03,540.896,kg,PLANTA CRE | Proceso OK,505.115.057,Operario A,Tanque 3,2025-08-15T06:51:45
100278,0,2025-08-15,075150,250823,Issue,I,453.240.077,L250815-03,MP-02,686.129,kg,PLANTA MAK | Proceso OK,505.075.038,Operario A,Tanque 5,2025-08-15T07:51:50
100279,0,2025-08-15,094443,250831,Issue,I,454.020.234,L250815-03,MP-03,419.602,kg,PLANTA MAK | Proceso OK,513.126.057,Supervisor,Línea 2,2025-08-15T09:44:43
100280,0,2025-08-15,103603,250827,Issue,I,453.084.485,L250815-02,AD-01,487.626,kg,PLANTA CRE | Proceso OK,512.052.009,Operario C,Línea 2,2025-08-15T10:36:03
100281,0,2025-08-15,104934,250818,Return,R,455.171.502,L250819-01,AD-01,79.792,kg,PLANTA CRE | Devolución parcial,512.048.088,Operario A,Línea 1,2025-08-15T10:49:34
100282,0,2025-08-15,115229,250828,Return,R,454.148.634,L250825-03,MP-03,43.407,L,PLANTA CRE | Devolución parcial,513.106.038,Operario B,Tanque 3,2025-08-15T11:52:29
100283,0,2025-08-15,132337,250822,Issue,I,455.690.924,L250815-01,MP-03,495.277,kg,PLANTA CRE | Proceso OK,513.070.005,Operario C,Línea 2,2025-08-15T13:23:37
100277,1,2025-08-15,152537,250817,Issue,I,451.303.426,L250815-03,AD-01,465.276,kg,PLANTA CRE | Proceso OK,505.115.057,Operario C,Tanque 5,2025-08-15T15:25:37
100284,0,2025-08-15,163742,250814,Issue,I,451.515.833,L250815-02,AD-01,694.457,kg,PLANTA CRE | Proceso OK,501.159.148,Supervisor,Línea 2,2025-08-15T16:37:42
100285,0,2025-08-16,101101,250823,Issue,I,455.112.160,L250816-02,MP-03,661.268,kg,PLANTA MAK | Proceso OK,505.075.038,Operario C,Tanque 5,2025-08-16T10:11:01
100286,0,2025-08-16,120114,250822,Issue,I,455.690.924,L250816-01,MP-02,30.0,ud,PLANTA CRE | Proceso OK,513.070.005,Operario B,Línea 1,2025-08-16T12:01:14
100287,0,2025-08-16,140755,250829,Issue,I,453.284.656,L250816-03,MP-01,674.636,kg,PLANTA CRE | Proceso OK,512.150.009,Supervisor,Línea 2,2025-08-16T14:07:55
100288,0,2025-08-16,144958,250833,Return,R,451.471.455,L250825-03,MP-01,24.94,kg,PLANTA CRE | Devolución parcial,501.130.032,Supervisor,Tanque 5,2025-08-16T14:49:58
100289,0,2025-08-16,173431,250813,Issue,I,452.053.275,L250816-03,MP-03,655.531,kg,PLANTA CRE | Proceso OK,505.100.032,Operario B,Línea 2,2025-08-16T17:34:31
100290,0,2025-08-17,061857,250835,Return,R,455.367.075,L250822-02,MP-03,127.463,L,PLANTA MAK | Devolución parcial,501.161.127,Supervisor,Tanque 5,2025-08-17T06:18:57
100291,0,2025-08-17,084749,250821,Issue,I,451.524.944,L250817-03,MP-03,241.032,kg,PLANTA CRE | Proceso OK,512.109.069,Operario B,Tanque 3,2025-08-17T08:47:49
100292,0,2025-08-17,111521,250832,Issue,I,453.821.694,L250817-02,MP-02,575.623,L,PLANTA CRE | Proceso OK,501.066.148,Operario A,Tanque 5,2025-08-17T11:15:21
100293,0,2025-08-17,112529,250814,Issue,I,454.017.007,L250817-02,MP-03,682.454,kg,PLANTA CRE | Proceso OK,501.159.148,Supervisor,Línea 1,2025-08-17T11:25:29
100292,1,2025-08-17,124246,250832,Issue,I,451.873.298,L250817-03,MP-02,442.87,kg,PLANTA CRE | Proceso OK,501.066.148,Operario C,Línea 1,2025-08-17T12:42:46
100294,0,2025-08-17,134346,250811,Issue,I,455.925.518,L250817-01,MP-01,597.443,kg,PLANTA CRE | Proceso OK,501.135.074,Operario A,Tanque 3,2025-08-17T13:43:46
100295,0,2025-08-17,142629,250811,Return,R,451.940.578,L250806-03,MP-01,63.605,kg,PLANTA CRE | Devolución parcial,501.135.074,Supervisor,Línea 2,2025-08-17T14:26:29
100296,0,2025-08-17,183439,250831,Issue,I,454.020.234,L250817-02,MP-01,457.818,kg,PLANTA MAK | Proceso OK,513.126.057,Supervisor,Tanque 3,2025-08-17T18:34:39
100297,0,2025-08-18,072609,250827,Issue,I,454.483.501,L250818-02,AD-01,441.933,kg,PLANTA CRE | Proceso OK,512.052.009,Operario A,Tanque 5,2025-08-18T07:26:09
100298,0,2025-08-18,074753,250818,Issue,I,453.144.192,L250818-01,AD-01,388.591,L,PLANTA CRE | Proceso OK,512.048.088,Operario B,Tanque 5,2025-08-18T07:47:53
100299,0,2025-08-18,084139,250816,Issue,I,454.341.862,L250818-01,MP-01,1439.386,kg,PLANTA CRE | Proceso OK,505.161.088,Operario B,Tanque 3,2025-08-18T08:41:39
100300,0,2025-08-18,121457,250836,Issue,I,455.303.984,L250818-03,AD-01,531.231,L,PLANTA CRE | Proceso OK,513.156.005,Operario B,Tanque 3,2025-08-18T12:14:57
100301,0,2025-08-18,140538,250815,Issue,I,452.758.399,L250818-01,MP-01,389.177,kg,PLANTA CRE | Proceso OK,513.064.005,Operario A,Tanque 3,2025-08-18T14:05:38
100298,1,2025-08-18,145743,250818,Issue,I,453.863.462,L250818-03,MP-03,603.346,kg,PLANTA CRE | Proceso OK,512.048.088,Operario C,Tanque 3,2025-08-18T14:57:43
100302,0,2025-08-18,161111,250817,Return,R,453.026.495,L250804-02,AD-01,55.423,kg,PLANTA CRE | Devolución parcial,505.115.057,Operario B,Tanque 5,2025-08-18T16:11:11
100303,0,2025-08-18,175415,250821,Issue,I,453.086.318,L250818-03,MP-01,264.042,kg,PLANTA CRE | Proceso OK,512.109.069,Operario C,Tanque 5,2025-08-18T17:54:15
100304,0,2025-08-19,060959,250834,Issue,I,453.710.681,L250819-01,MP-03,551.172,L,PLANTA CRE | Proceso OK,501.092.074,Supervisor,Línea 2,2025-08-19T06:09:59
100305,0,2025-08-19,092436,250813,Issue,I,452.053.275,L250819-02,MP-02,637.481,kg,PLANTA CRE | Proceso OK,505.100.032,Operario B,Tanque 3,2025-08-19T09:24:36
100306,0,2025-08-19,093418,250818,Issue,I,455.171.502,L250819-01,MP-03,416.86,kg,PLANTA CRE | Proceso OK,512.048.088,Operario A,Tanque 3,2025-08-19T09:34:18
100307,0,2025-08-19,111550,250836,Issue,I,454.816.817,L250819-02,AD-01,365.148,kg,PLANTA CRE | Proceso OK,513.156.005,Operario B,Línea 1,2025-08-19T11:15:50
100308,0,2025-08-19,165053,250819,Issue,I,453.849.254,L250819-02,MP-01,230.515,L,PLANTA MAK | Proceso OK,505.106.001,Operario A,Línea 1,2025-08-19T16:50:53
100309,0,2025-08-19,165441,250814,Issue,I,454.017.007,L250819-03,MP-02,420.887,kg,PLANTA CRE | Proceso OK,501.159.148,Operario C,Línea 1,2025-08-19T16:54:41
100310,0,2025-08-19,171340,250820,Return,R,454.672.094,L250804-02,MP-02,32.062,kg,PLANTA CRE | Devolución parcial,505.014.069,Supervisor,Tanque 3,2025-08-19T17:13:40
100307,1,2025-08-19,174757,250836,Issue,I,454.405.842,L250819-03,MP-01,540.055,kg,PLANTA CRE | Proceso OK,513.156.005,Operario C,Línea 2,2025-08-19T17:47:57
100311,0,2025-08-19,180033,250833,Issue,I,451.510.764,L250819-03,AD-01,1060.366,kg,PLANTA CRE | Proceso OK,501.130.032,Operario C,Tanque 5,2025-08-19T18:00:33
100312,0,2025-08-20,060517,250823,Issue,I,455.112.160,L250820-02,AD-01,185.667,kg,PLANTA MAK | Proceso OK,505.075.038,Supervisor,Tanque 5,2025-08-20T06:05:17
100313,0,2025-08-20,104656,250836,Return,R,454.816.817,L250811-02,MP-03,26.706,L,PLANTA CRE | Devolución parcial,513.156.005,Operario B,Línea 2,2025-08-20T10:46:56
100314,0,2025-08-20,124905,250815,Issue,I,452.758.399,L250820-02,MP-01,849.353,kg,PLANTA CRE | Proceso OK,513.064.005,Operario C,Tanque 5,2025-08-20T12:49:05
100315,0,2025-08-20,151249,250831,Issue,I,452.745.135,L250820-01,MP-01,371.719,kg,PLANTA MAK | Proceso OK,513.126.057,Supervisor,Línea 2,2025-08-20T15:12:49
100316,0,2025-08-20,161750,250814,Issue,I,451.515.833,L250820-03,AD-01,193.711,kg,PLANTA CRE | Proceso OK,501.159.148,Operario C,Línea 1,2025-08-20T16:17:50
100317,0,2025-08-21,062903,250823,Issue,I,452.140.799,L250821-01,MP-01,265.361,kg,PLANTA MAK | Proceso OK,505.075.038,Operario C,Línea 1,2025-08-21T06:29:03
100318,0,2025-08-21,063412,250830,Issue,I,451.500.341,L250821-02,AD-01,511.784,kg,PLANTA MAK | Proceso OK,512.037.054,Supervisor,Línea 1,2025-08-21T06:34:12
100319,0,2025-08-21,082455,250820,Issue,I,454.080.136,L250821-03,MP-01,295.245,kg,PLANTA CRE | Proceso OK,505.014.069,Operario C,Tanque 3,2025-08-21T08:24:55
100320,0,2025-08-21,095755,250814,Issue,I,451.018.543,L250821-03,MP-01,334.818,kg,PLANTA CRE | Proceso OK,501.159.148,Operario A,Línea 2,2025-08-21T09:57:55
100321,0,2025-08-21,100523,250819,Return,R,454.502.146,L250830-02,MP-03,48.529,L,PLANTA MAK | Devolución parcial,505.106.001,Operario A,Tanque 3,2025-08-21T10:05:23
100322,0,2025-08-21,115203,250833,Issue,I,454.837.241,L250821-03,MP-02,756.596,kg,PLANTA CRE | Proceso OK,501.130.032,Supervisor,Tanque 3,2025-08-21T11:52:03
100323,0,2025-08-21,115552,250818,Issue,I,453.144.192,L250821-02,MP-01,355.433,kg,PLANTA CRE | Proceso OK,512.048.088,Supervisor,Tanque 3,2025-08-21T11:55:52
100323,1,2025-08-21,131005,250818,Issue,I,455.171.502,L250821-03,AD-01,270.386,kg,PLANTA CRE | Proceso OK,512.048.088,Supervisor,Tanque 5,2025-08-21T13:10:05
100324,0,2025-08-21,135558,250811,Return,R,451.064.849,L250802-01,AD-01,77.862,L,PLANTA CRE | Devolución parcial,501.135.074,Operario C,Tanque 5,2025-08-21T13:55:58
100325,0,2025-08-21,140041,250835,Issue,I,452.534.070,L250821-02,MP-01,1446.05,kg,PLANTA MAK | Proceso OK,501.161.127,Supervisor,Línea 1,2025-08-21T14:00:41
100326,0,2025-08-21,151023,250821,Issue,I,452.998.828,L250821-02,MP-03,526.036,kg,PLANTA CRE | Proceso OK,512.109.069,Operario A,Tanque 5,2025-08-21T15:10:23
100325,1,2025-08-21,163958,250835,Issue,I,454.809.587,L250821-03,MP-03,334.787,kg,PLANTA MAK | Proceso OK,501.161.127,Supervisor,Línea 2,2025-08-21T16:39:58
100327,0,2025-08-21,164224,250812,Issue,I,455.792.689,L250821-03,AD-01,589.275,kg,PLANTA MAK | Proceso OK,501.036.089,Operario A,Tanque 3,2025-08-21T16:42:24
100328,0,2025-08-21,165056,250819,Issue,I,452.256.150,L250821-02,AD-01,262.318,kg,PLANTA MAK | Proceso OK,505.106.001,Supervisor,Línea 1,2025-08-21T16:50:56
100329,0,2025-08-21,174541,250828,Issue,I,454.040.406,L250821-01,MP-02,663.533,kg,PLANTA CRE | Proceso OK,513.106.038,Operario C,Tanque 3,2025-08-21T17:45:41
100330,0,2025-08-22,061624,250810,Issue,I,452.626.877,L250822-01,AD-01,704.156,kg,PLANTA MAK | Proceso OK,505.004.054,Operario C,Línea 2,2025-08-22T06:16:24
100331,0,2025-08-22,081221,250829,Issue,I,453.284.656,L250822-02,AD-01,489.741,kg,PLANTA CRE | Proceso OK,512.150.009,Operario A,Línea 2,2025-08-22T08:12:21
100332,0,2025-08-22,091239,250814,Issue,I,454.017.007,L250822-01,MP-01,793.934,kg,PLANTA CRE | Proceso OK,501.159.148,Operario A,Línea 2,2025-08-22T09:12:39
100333,0,2025-08-22,120045,250817,Issue,I,451.303.426,L250822-01,MP-02,754.622,kg,PLANTA CRE | Proceso OK,505.115.057,Supervisor,Tanque 5,2025-08-22T12:00:45
100334,0,2025-08-22,121735,250834,Issue,I,455.804.816,L250822-01,MP-01,403.183,kg,PLANTA CRE | Proceso OK,501.092.074,Supervisor,Línea 1,2025-08-22T12:17:35
100335,0,2025-08-22,133830,250816,Return,R,453.007.972,L250826-03,AD-01,44.631,kg,PLANTA CRE | Devolución parcial,505.161.088,Supervisor,Línea 1,2025-08-22T13:38:30
100336,0,2025-08-22,143323,250833,Return,R,454.837.241,L250827-02,MP-03,47.961,kg,PLANTA CRE | Devolución parcial,501.130.032,Operario C,Tanque 3,2025-08-22T14:33:23
100337,0,2025-08-22,143756,250812,Issue,I,455.327.592,L250822-02,MP-03,278.249,kg,PLANTA MAK | Proceso OK,501.036.089,Operario C,Línea 1,2025-08-22T14:37:56
100338,0,2025-08-22,144618,250835,Issue,I,455.367.075,L250822-02,MP-01,498.825,L,PLANTA MAK | Proceso OK,501.161.127,Supervisor,Tanque 3,2025-08-22T14:46:18
100338,1,2025-08-22,145248,250835,Issue,I,454.809.587,L250822-02,MP-03,517.411,kg,PLANTA MAK | Proceso OK,501.161.127,Operario B,Tanque 5,2025-08-22T14:52:48
100338,2,2025-08-22,145344,250835,Issue,I,453.539.226,L250822-01,AD-01,1017.976,kg,PLANTA MAK | Proceso OK,501.161.127,Operario A,Línea 2,2025-08-22T14:53:44
100330,1,2025-08-22,170740,250810,Issue,I,454.847.438,L250822-02,MP-02,475.129,kg,PLANTA MAK | Proceso OK,505.004.054,Supervisor,Tanque 3,2025-08-22T17:07:40
100332,1,2025-08-22,185245,250814,Issue,I,453.549.294,L250822-02,MP-01,386.572,kg,PLANTA CRE | Proceso OK,501.159.148,Operario B,Línea 2,2025-08-22T18:52:45
100339,0,2025-08-23,062152,250828,Issue,I,455.624.485,L250823-03,AD-01,744.497,kg,PLANTA CRE | Proceso OK,513.106.038,Operario C,Tanque 3,2025-08-23T06:21:52
100339,1,2025-08-23,154913,250828,Issue,I,455.698.711,L250823-01,AD-01,461.706,kg,PLANTA CRE | Proceso OK,513.106.038,Operario A,Línea 2,2025-08-23T15:49:13
100340,0,2025-08-23,163838,250833,Issue,I,455.459.091,L250823-03,MP-02,426.525,kg,PLANTA CRE | Proceso OK,501.130.032,Operario A,Tanque 5,2025-08-23T16:38:38
100341,0,2025-08-23,165917,250814,Issue,I,451.018.543,L250823-02,MP-03,437.725,L,PLANTA CRE | Proceso OK,501.159.148,Operario A,Línea 1,2025-08-23T16:59:17
100340,1,2025-08-23,170748,250833,Issue,I,454.458.324,L250823-02,MP-02,638.852,kg,PLANTA CRE | Proceso OK,501.130.032,Operario B,Tanque 3,2025-08-23T17:07:48
100342,0,2025-08-23,175106,250820,Issue,I,454.672.094,L250823-01,MP-02,345.905,kg,PLANTA CRE | Proceso OK,505.014.069,Supervisor,Línea 1,2025-08-23T17:51:06
100343,0,2025-08-23,183430,250812,Issue,I,453.243.310,L250823-01,MP-03,652.227,kg,PLANTA MAK | Proceso OK,501.036.089,Supervisor,Línea 2,2025-08-23T18:34:30
100344,0,2025-08-24,071839,250836,Issue,I,455.226.140,L250824-02,MP-03,323.804,kg,PLANTA CRE | Proceso OK,513.156.005,Operario B,Línea 2,2025-08-24T07:18:39
100345,0,2025-08-24,081719,250815,Issue,I,452.758.399,L250824-01,MP-02,508.843,L,PLANTA CRE | Proceso OK,513.064.005,Supervisor,Línea 2,2025-08-24T08:17:19
100344,1,2025-08-24,093953,250836,Issue,I,454.405.842,L250824-02,MP-02,1472.772,kg,PLANTA CRE | Proceso OK,513.156.005,Operario B,Línea 2,2025-08-24T09:39:53
100346,0,2025-08-24,095304,250814,Return,R,453.549.294,L250813-03,MP-01,460.23,kg,PLANTA CRE | Devolución parcial,501.159.148,Operario A,Tanque 5,2025-08-24T09:53:04
100347,0,2025-08-24,132233,250821,Issue,I,451.524.944,L250824-01,MP-02,1114.55,kg,PLANTA CRE | Proceso OK,512.109.069,Operario A,Línea 2,2025-08-24T13:22:33
100348,0,2025-08-24,140618,250835,Issue,I,452.534.070,L250824-03,MP-01,335.736,kg,PLANTA MAK | Proceso OK,501.161.127,Operario A,Tanque 3,2025-08-24T14:06:18
100349,0,2025-08-24,170434,250811,Issue,I,451.064.849,L250824-01,MP-01,548.423,kg,PLANTA CRE | Proceso OK,501.135.074,Supervisor,Tanque 3,2025-08-24T17:04:34
100350,0,2025-08-24,183643,250832,Issue,I,451.833.179,L250824-01,MP-01,238.879,kg,PLANTA CRE | Proceso OK,501.066.148,Supervisor,Tanque 5,2025-08-24T18:36:43
100351,0,2025-08-25,095303,250828,Issue,I,454.148.634,L250825-03,MP-01,692.963,L,PLANTA CRE | Proceso OK,513.106.038,Operario B,Línea 2,2025-08-25T09:53:03
100352,0,2025-08-25,122332,250836,Issue,I,455.303.984,L250825-02,MP-02,584.571,kg,PLANTA CRE | Proceso OK,513.156.005,Supervisor,Línea 1,2025-08-25T12:23:32
100353,0,2025-08-25,132037,250819,Issue,I,452.256.150,L250825-03,MP-03,779.717,kg,PLANTA MAK | Proceso OK,505.106.001,Operario C,Tanque 5,2025-08-25T13:20:37
100354,0,2025-08-25,163732,250833,Issue,I,451.471.455,L250825-03,MP-01,488.209,kg,PLANTA CRE | Proceso OK,501.130.032,Supervisor,Tanque 5,2025-08-25T16:37:32
100355,0,2025-08-26,081947,250828,Issue,I,455.624.485,L250826-02,AD-01,740.077,kg,PLANTA CRE | Proceso OK,513.106.038,Operario A,Línea 2,2025-08-26T08:19:47
100356,0,2025-08-26,084019,250816,Issue,I,453.007.972,L250826-03,MP-01,504.106,kg,PLANTA CRE | Proceso OK,505.161.088,Supervisor,Tanque 5,2025-08-26T08:40:19
100357,0,2025-08-26,091339,250833,Issue,I,454.458.324,L250826-02,MP-03,325.833,kg,PLANTA CRE | Proceso OK,501.130.032,Operario C,Línea 2,2025-08-26T09:13:39
100358,0,2025-08-26,092658,250821,Return,R,452.998.828,L250801-02,AD-01,66.932,kg,PLANTA CRE | Devolución parcial,512.109.069,Operario B,Tanque 3,2025-08-26T09:26:58
100359,0,2025-08-27,060503,250824,Issue,I,454.364.958,L250827-02,MP-03,44.0,ud,PLANTA CRE | Proceso OK,501.064.032,Operario B,Tanque 5,2025-08-27T06:05:03
100360,0,2025-08-27,063704,250820,Issue,I,454.080.136,L250827-02,MP-02,434.291,kg,PLANTA CRE | Proceso OK,505.014.069,Supervisor,Línea 1,2025-08-27T06:37:04
100361,0,2025-08-27,102811,250834,Issue,I,455.804.816,L250827-03,MP-03,695.807,kg,PLANTA CRE | Proceso OK,501.092.074,Operario B,Línea 2,2025-08-27T10:28:11
100362,0,2025-08-27,143608,250819,Issue,I,453.849.254,L250827-02,MP-03,825.701,kg,PLANTA MAK | Proceso OK,505.106.001,Operario C,Tanque 3,2025-08-27T14:36:08
100363,0,2025-08-27,155354,250814,Issue,I,453.549.294,L250827-01,MP-03,513.339,kg,PLANTA CRE | Proceso OK,501.159.148,Operario B,Línea 2,2025-08-27T15:53:54
100364,0,2025-08-27,172807,250833,Issue,I,454.837.241,L250827-02,MP-03,454.879,kg,PLANTA CRE | Proceso OK,501.130.032,Supervisor,Tanque 3,2025-08-27T17:28:07
100365,0,2025-08-27,174147,250813,Issue,I,452.053.275,L250827-03,MP-03,3382.484,kg,PLANTA CRE | Proceso OK,505.100.032,Operario C,Tanque 5,2025-08-27T17:41:47
100366,0,2025-08-27,174619,250822,Issue,I,451.184.229,L250827-01,MP-03,620.827,kg,PLANTA CRE | Proceso OK,513.070.005,Operario A,Tanque 5,2025-08-27T17:46:19
100367,0,2025-08-28,103304,250821,Issue,I,451.524.944,L250828-01,MP-01,395.432,kg,PLANTA CRE | Proceso OK,512.109.069,Operario C,Tanque 5,2025-08-28T10:33:04
100368,0,2025-08-28,110905,250823,Issue,I,453.326.464,L250828-01,MP-03,406.402,kg,PLANTA MAK | Proceso OK,505.075.038,Operario A,Línea 2,2025-08-28T11:09:05
100369,0,2025-08-28,135407,250829,Issue,I,453.284.656,L250828-02,MP-03,673.212,kg,PLANTA CRE | Proceso OK,512.150.009,Operario C,Tanque 3,2025-08-28T13:54:07
100369,1,2025-08-28,144815,250829,Issue,I,455.663.609,L250828-03,MP-03,1402.755,kg,PLANTA CRE | Proceso OK,512.150.009,Operario B,Línea 2,2025-08-28T14:48:15
100370,0,2025-08-28,173940,250818,Return,R,453.144.192,L250821-02,MP-02,106.093,kg,PLANTA CRE | Devolución parcial,512.048.088,Operario B,Tanque 3,2025-08-28T17:39:40
100371,0,2025-08-29,091304,250811,Issue,I,452.587.550,L250829-01,MP-01,532.117,kg,PLANTA CRE | Proceso OK,501.135.074,Supervisor,Línea 1,2025-08-29T09:13:04
100372,0,2025-08-29,104644,250825,Issue,I,455.722.940,L250829-02,MP-02,753.554,L,PLANTA MAK | Proceso OK,505.088.019,Operario B,Tanque 5,2025-08-29T10:46:44
100373,0,2025-08-29,111828,250833,Issue,I,454.458.324,L250829-03,MP-02,579.033,kg,PLANTA CRE | Proceso OK,501.130.032,Operario C,Tanque 5,2025-08-29T11:18:28
100374,0,2025-08-29,134521,250835,Issue,I,453.539.226,L250829-02,MP-01,79.0,ud,PLANTA MAK | Proceso OK,501.161.127,Operario B,Línea 1,2025-08-29T13:45:21
100372,1,2025-08-29,135055,250825,Issue,I,455.882.374,L250829-02,MP-03,739.838,kg,PLANTA MAK | Proceso OK,505.088.019,Supervisor,Línea 1,2025-08-29T13:50:55
100375,0,2025-08-29,143719,250830,Return,R,452.321.650,L250829-03,MP-02,47.797,kg,PLANTA MAK | Devolución parcial,512.037.054,Operario A,Tanque 5,2025-08-29T14:37:19
100376,0,2025-08-29,160348,250813,Return,R,452.053.275,L250816-03,MP-01,121.623,kg,PLANTA CRE | Devolución parcial,505.100.032,Operario A,Línea 1,2025-08-29T16:03:48
100377,0,2025-08-29,164615,250830,Issue,I,452.321.650,L250829-03,MP-02,351.222,kg,PLANTA MAK | Proceso OK,512.037.054,Operario A,Línea 1,2025-08-29T16:46:15
100378,0,2025-08-29,170141,250829,Issue,I,455.663.609,L250829-03,AD-01,297.97,kg,PLANTA CRE | Proceso OK,512.150.009,Operario C,Línea 2,2025-08-29T17:01:41
100379,0,2025-08-30,094458,250819,Issue,I,454.502.146,L250830-02,AD-01,386.79,L,PLANTA MAK | Proceso OK,505.106.001,Operario A,Tanque 5,2025-08-30T09:44:58
100380,0,2025-08-30,170901,250813,Issue,I,453.095.549,L250830-02,AD-01,637.079,kg,PLANTA CRE | Proceso OK,505.100.032,Operario A,Línea 2,2025-08-30T17:09:01
100381,0,2025-08-30,171612,250834,Issue,I,455.399.244,L250830-02,MP-03,602.36,kg,PLANTA CRE | Proceso OK,501.092.074,Operario A,Línea 1,2025-08-30T17:16:12
100382,0,2025-08-30,183204,250831,Issue,I,452.752.023,L250830-03,AD-01,556.954,kg,PLANTA MAK | Proceso OK,513.126.057,Operario B,Línea 1,2025-08-30T18:32:04
100383,0,2025-08-31,071257,250823,Issue,I,452.140.799,L250831-03,MP-03,1088.993,kg,PLANTA MAK | Proceso OK,505.075.038,Operario A,Línea 1,2025-08-31T07:12:57
100384,0,2025-08-31,120543,250827,Issue,I,451.316.804,L250831-01,MP-02,64.0,ud,PLANTA CRE | Proceso OK,512.052.009,Operario B,Línea 1,2025-08-31T12:05:43
100385,0,2025-08-31,173544,250825,Issue,I,455.722.940,L250831-03,AD-01,366.984,kg,PLANTA MAK | Proceso OK,505.088.019,Operario C,Línea 2,2025-08-31T17:35:44
100386,0,2025-09-01,060237,250918,Issue,I,453.909.054,L250901-02,MP-01,175.261,kg,PLANTA CRE | Proceso OK,501.065.088,Supervisor,Línea 2,2025-09-01T06:02:37
100387,0,2025-09-01,061914,250920,Issue,I,454.785.564,L250901-02,MP-01,467.073,kg,PLANTA CRE | Proceso OK,512.083.127,Operario B,Tanque 3,2025-09-01T06:19:14
100388,0,2025-09-01,101932,250925,Issue,I,453.626.677,L250901-03,MP-03,318.044,kg,PLANTA MAK | Proceso OK,505.009.123,Operario C,Línea 1,2025-09-01T10:19:32
100389,0,2025-09-01,115118,250931,Issue,I,454.364.232,L250901-03,AD-01,678.101,kg,PLANTA MAK | Proceso OK,512.179.127,Operario C,Tanque 5,2025-09-01T11:51:18
100390,0,2025-09-01,150755,250926,Issue,I,453.945.689,L250901-02,MP-02,244.867,kg,PLANTA CRE | Proceso OK,501.030.054,Supervisor,Línea 2,2025-09-01T15:07:55
100391,0,2025-09-01,155516,250914,Issue,I,455.549.010,L250901-02,MP-01,888.601,kg,PLANTA MAK | Proceso OK,501.098.148,Operario C,Tanque 3,2025-09-01T15:55:16
100392,0,2025-09-01,174951,250934,Issue,I,451.956.039,L250901-02,AD-01,330.813,kg,PLANTA MAK | Proceso OK,513.115.000,Supervisor,Tanque 5,2025-09-01T17:49:51
100393,0,2025-09-02,075034,250934,Return,R,454.273.156,L250910-01,MP-02,35.802,kg,PLANTA MAK | Devolución parcial,513.115.000,Supervisor,Tanque 5,2025-09-02T07:50:34
100394,0,2025-09-02,084538,250928,Issue,I,453.284.546,L250902-01,MP-01,480.526,kg,PLANTA CRE | Proceso OK,501.148.043,Supervisor,Tanque 5,2025-09-02T08:45:38
100395,0,2025-09-02,170509,250931,Issue,I,455.840.461,L250902-03,MP-03,504.74,kg,PLANTA MAK | Proceso OK,512.179.127,Operario A,Tanque 5,2025-09-02T17:05:09
100396,0,2025-09-03,082338,250910,Issue,I,453.240.044,L250903-02,MP-02,314.44,kg,PLANTA CRE | Proceso OK,505.124.057,Operario B,Línea 2,2025-09-03T08:23:38
100397,0,2025-09-03,085424,250922,Issue,I,454.912.835,L250903-02,MP-02,862.459,kg,PLANTA CRE | Proceso OK,512.101.019,Supervisor,Tanque 3,2025-09-03T08:54:24
100398,0,2025-09-03,101423,250912,Issue,I,455.101.436,L250903-02,AD-01,393.455,L,PLANTA CRE | Proceso OK,501.174.148,Operario A,Línea 1,2025-09-03T10:14:23
100399,0,2025-09-03,104439,250917,Issue,I,451.562.383,L250903-02,MP-01,511.346,kg,PLANTA MAK | Proceso OK,512.077.000,Supervisor,Tanque 5,2025-09-03T10:44:39
100400,0,2025-09-03,115930,250927,Issue,I,454.899.244,L250903-01,AD-01,355.91,kg,PLANTA CRE | Proceso OK,513.081.001,Operario B,Línea 2,2025-09-03T11:59:30
100401,0,2025-09-03,124212,250934,Issue,I,454.273.156,L250903-02,MP-02,593.225,L,PLANTA MAK | Proceso OK,513.115.000,Operario B,Línea 1,2025-09-03T12:42:12
100402,0,2025-09-03,151717,250932,Issue,I,451.645.485,L250903-01,MP-03,214.7,kg,PLANTA MAK | Proceso OK,501.178.127,Operario C,Línea 2,2025-09-03T15:17:17
100398,1,2025-09-03,173803,250912,Issue,I,455.101.436,L250903-03,AD-01,672.784,kg,PLANTA CRE | Proceso OK,501.174.148,Supervisor,Tanque 3,2025-09-03T17:38:03
100403,0,2025-09-04,090955,250928,Issue,I,453.792.452,L250904-03,AD-01,369.302,kg,PLANTA CRE | Proceso OK,501.148.043,Supervisor,Línea 2,2025-09-04T09:09:55
100404,0,2025-09-04,153049,250913,Issue,I,455.529.716,L250904-02,MP-03,703.317,L,PLANTA CRE | Proceso OK,505.164.088,Supervisor,Tanque 5,2025-09-04T15:30:49
100403,1,2025-09-04,153532,250928,Issue,I,453.206.198,L250904-01,MP-03,504.85,kg,PLANTA CRE | Proceso OK,501.148.043,Operario A,Línea 1,2025-09-04T15:35:32
100405,0,2025-09-04,160628,250915,Issue,I,455.135.590,L250904-01,MP-02,1185.204,kg,PLANTA CRE | Proceso OK,505.108.057,Operario C,Tanque 5,2025-09-04T16:06:28
100406,0,2025-09-04,171339,250925,Issue,I,453.943.090,L250904-02,MP-03,1055.281,kg,PLANTA MAK | Proceso OK,505.009.123,Supervisor,Línea 2,2025-09-04T17:13:39
100403,2,2025-09-04,175118,250928,Issue,I,453.206.198,L250904-02,MP-03,325.228,kg,PLANTA CRE | Proceso OK,501.148.043,Operario C,Línea 2,2025-09-04T17:51:18
100407,0,2025-09-05,074101,250930,Issue,I,453.113.882,L250905-03,MP-02,336.423,kg,PLANTA MAK | Proceso OK,513.016.057,Operario B,Línea 1,2025-09-05T07:41:01
100407,1,2025-09-05,084151,250930,Issue,I,453.113.882,L250905-02,AD-01,199.848,kg,PLANTA MAK | Proceso OK,513.016.057,Operario B,Línea 1,2025-09-05T08:41:51
100408,0,2025-09-05,084259,250936,Return,R,455.909.291,L250912-03,AD-01,126.053,L,PLANTA CRE | Devolución parcial,505.005.088,Supervisor,Línea 2,2025-09-05T08:42:59
100409,0,2025-09-05,103554,250915,Issue,I,453.462.185,L250905-03,MP-03,138.0,ud,PLANTA CRE | Proceso OK,505.108.057,Supervisor,Tanque 3,2025-09-05T10:35:54
100410,0,2025-09-05,152339,250912,Issue,I,454.809.788,L250905-03,MP-03,914.985,kg,PLANTA CRE | Proceso OK,501.174.148,Operario C,Tanque 5,2025-09-05T15:23:39
100411,0,2025-09-06,084423,250935,Issue,I,451.468.626,L250906-01,MP-03,401.04,kg,PLANTA CRE | Proceso OK,505.167.010,Operario B,Tanque 5,2025-09-06T08:44:23
100412,0,2025-09-06,100527,250917,Issue,I,455.237.816,L250906-03,AD-01,705.404,kg,PLANTA MAK | Proceso OK,512.077.000,Supervisor,Línea 2,2025-09-06T10:05:27
100413,0,2025-09-06,121928,250922,Issue,I,451.641.264,L250906-01,MP-01,657.391,kg,PLANTA CRE | Proceso OK,512.101.019,Operario C,Tanque 5,2025-09-06T12:19:28
100414,0,2025-09-06,142054,250919,Issue,I,451.207.110,L250906-03,AD-01,331.479,kg,PLANTA CRE | Proceso OK,505.157.043,Operario C,Tanque 3,2025-09-06T14:20:54
100415,0,2025-09-06,174359,250914,Issue,I,452.820.324,L250906-02,MP-02,228.822,kg,PLANTA MAK | Proceso OK,501.098.148,Operario C,Línea 2,2025-09-06T17:43:59
100416,0,2025-09-07,062314,250919,Issue,I,451.099.536,L250907-03,AD-01,477.546,kg,PLANTA CRE | Proceso OK,505.157.043,Supervisor,Tanque 3,2025-09-07T06:23:14
100417,0,2025-09-07,062922,250920,Issue,I,454.785.564,L250907-01,MP-03,293.647,L,PLANTA CRE | Proceso OK,512.083.127,Operario B,Línea 1,2025-09-07T06:29:22
100418,0,2025-09-07,082631,250915,Issue,I,453.462.185,L250907-03,MP-02,509.668,kg,PLANTA CRE | Proceso OK,505.108.057,Supervisor,Línea 1,2025-09-07T08:26:31
100419,0,2025-09-07,113952,250921,Issue,I,455.203.500,L250907-03,MP-01,465.837,kg,PLANTA MAK | Proceso OK,512.179.010,Operario C,Línea 2,2025-09-07T11:39:52
100420,0,2025-09-07,133418,250929,Return,R,453.619.589,L250910-01,MP-01,18.052,ud,PLANTA CRE | Devolución parcial,512.008.005,Operario B,Línea 2,2025-09-07T13:34:18
100421,0,2025-09-07,181258,250927,Issue,I,454.899.244,L250907-01,MP-01,652.94,kg,PLANTA CRE | Proceso OK,513.081.001,Operario C,Línea 1,2025-09-07T18:12:58
100416,1,2025-09-07,184036,250919,Issue,I,452.183.895,L250907-01,MP-02,633.984,kg,PLANTA CRE | Proceso OK,505.157.043,Supervisor,Línea 1,2025-09-07T18:40:36
100422,0,2025-09-08,075805,250914,Return,R,452.820.324,L250930-03,MP-03,241.83,kg,PLANTA MAK | Devolución parcial,501.098.148,Operario B,Línea 1,2025-09-08T07:58:05
100423,0,2025-09-08,080341,250924,Issue,I,454.557.827,L250908-02,MP-02,1032.741,L,PLANTA MAK | Proceso OK,505.001.127,Operario A,Línea 2,2025-09-08T08:03:41
100424,0,2025-09-08,120606,250915,Issue,I,453.824.242,L250908-03,MP-01,694.384,kg,PLANTA CRE | Proceso OK,505.108.057,Operario B,Línea 2,2025-09-08T12:06:06
100425,0,2025-09-08,142550,250912,Issue,I,454.359.604,L250908-03,MP-02,494.043,kg,PLANTA CRE | Proceso OK,501.174.148,Operario A,Línea 2,2025-09-08T14:25:50
100426,0,2025-09-09,063954,250918,Issue,I,452.649.445,L250909-02,MP-01,381.102,kg,PLANTA CRE | Proceso OK,501.065.088,Supervisor,Línea 2,2025-09-09T06:39:54
100427,0,2025-09-09,083127,250914,Return,R,455.549.010,L250901-02,AD-01,97.111,kg,PLANTA MAK | Devolución parcial,501.098.148,Operario C,Tanque 3,2025-09-09T08:31:27
100428,0,2025-09-09,094718,250915,Issue,I,455.443.877,L250909-01,AD-01,836.488,kg,PLANTA CRE | Proceso OK,505.108.057,Operario C,Línea 2,2025-09-09T09:47:18
100429,0,2025-09-09,101200,250912,Issue,I,453.896.045,L250909-01,MP-01,969.651,kg,PLANTA CRE | Proceso OK,501.174.148,Operario C,Tanque 5,2025-09-09T10:12:00
100430,0,2025-09-09,133402,250914,Issue,I,454.979.362,L250909-03,MP-02,1070.173,kg,PLANTA MAK | Proceso OK,501.098.148,Operario A,Tanque 5,2025-09-09T13:34:02
100431,0,2025-09-09,144640,250925,Issue,I,451.112.427,L250909-03,MP-03,645.132,kg,PLANTA MAK | Proceso OK,505.009.123,Operario B,Tanque 5,2025-09-09T14:46:40
100429,1,2025-09-09,160747,250912,Issue,I,454.359.604,L250909-03,MP-03,36.0,ud,PLANTA CRE | Proceso OK,501.174.148,Supervisor,Línea 2,2025-09-09T16:07:47
100432,0,2025-09-09,181905,250920,Return,R,454.785.564,L250907-01,MP-02,41.631,L,PLANTA CRE | Devolución parcial,512.083.127,Operario B,Tanque 3,2025-09-09T18:19:05
100433,0,2025-09-10,062150,250934,Issue,I,453.927.401,L250910-02,MP-01,514.551,kg,PLANTA MAK | Proceso OK,513.115.000,Operario A,Tanque 3,2025-09-10T06:21:50
100434,0,2025-09-10,063352,250916,Issue,I,453.885.488,L250910-02,MP-02,177.751,kg,PLANTA MAK | Proceso OK,505.034.089,Operario C,Línea 1,2025-09-10T06:33:52
100435,0,2025-09-10,075708,250923,Return,R,454.888.632,L250925-02,AD-01,97.537,kg,PLANTA CRE | Devolución parcial,505.042.024,Operario C,Línea 2,2025-09-10T07:57:08
100436,0,2025-09-10,093433,250921,Issue,I,452.575.631,L250910-01,MP-03,719.642,kg,PLANTA MAK | Proceso OK,512.179.010,Operario B,Línea 2,2025-09-10T09:34:33
100437,0,2025-09-10,103008,250925,Issue,I,453.943.090,L250910-02,MP-01,320.332,kg,PLANTA MAK | Proceso OK,505.009.123,Supervisor,Línea 1,2025-09-10T10:30:08
100438,0,2025-09-10,121839,250923,Issue,I,452.776.210,L250910-02,MP-03,545.516,kg,PLANTA CRE | Proceso OK,505.042.024,Supervisor,Línea 2,2025-09-10T12:18:39
100439,0,2025-09-10,134142,250929,Issue,I,453.619.589,L250910-01,MP-01,71.0,ud,PLANTA CRE | Proceso OK,512.008.005,Supervisor,Tanque 3,2025-09-10T13:41:42
100436,1,2025-09-10,160004,250921,Issue,I,455.253.249,L250910-03,MP-03,369.478,kg,PLANTA MAK | Proceso OK,512.179.010,Operario A,Tanque 5,2025-09-10T16:00:04
100440,0,2025-09-10,160837,250922,Issue,I,452.514.283,L250910-02,AD-01,1121.569,L,PLANTA CRE | Proceso OK,512.101.019,Operario B,Línea 2,2025-09-10T16:08:37
100433,1,2025-09-10,162847,250934,Issue,I,454.273.156,L250910-01,MP-03,364.311,kg,PLANTA MAK | Proceso OK,513.115.000,Supervisor,Línea 1,2025-09-10T16:28:47
100441,0,2025-09-10,170229,250927,Issue,I,453.463.850,L250910-01,MP-01,386.232,kg,PLANTA CRE | Proceso OK,513.081.001,Operario B,Línea 2,2025-09-10T17:02:29
100442,0,2025-09-11,072532,250920,Return,R,454.459.983,L250915-03,MP-01,24.531,kg,PLANTA CRE | Devolución parcial,512.083.127,Supervisor,Tanque 3,2025-09-11T07:25:32
100443,0,2025-09-11,122322,250921,Issue,I,455.203.500,L250911-03,MP-01,548.392,kg,PLANTA MAK | Proceso OK,512.179.010,Operario A,Tanque 5,2025-09-11T12:23:22
100444,0,2025-09-11,130716,250913,Return,R,455.529.716,L250904-02,AD-01,204.18,L,PLANTA CRE | Devolución parcial,505.164.088,Supervisor,Línea 1,2025-09-11T13:07:16
100445,0,2025-09-11,134955,250915,Return,R,452.834.103,L250928-02,MP-03,208.313,kg,PLANTA CRE | Devolución parcial,505.108.057,Supervisor,Tanque 3,2025-09-11T13:49:55
100446,0,2025-09-12,093343,250918,Issue,I,452.649.445,L250912-01,MP-03,290.149,kg,PLANTA CRE | Proceso OK,501.065.088,Operario A,Tanque 5,2025-09-12T09:33:43
100447,0,2025-09-12,100312,250936,Issue,I,455.909.291,L250912-03,MP-02,569.573,L,PLANTA CRE | Proceso OK,505.005.088,Supervisor,Línea 2,2025-09-12T10:03:12
100447,1,2025-09-12,140639,250936,Issue,I,455.909.291,L250912-03,MP-02,399.218,kg,PLANTA CRE | Proceso OK,505.005.088,Operario B,Línea 1,2025-09-12T14:06:39
100448,0,2025-09-12,142402,250923,Issue,I,454.888.632,L250912-03,AD-01,1145.471,kg,PLANTA CRE | Proceso OK,505.042.024,Operario B,Tanque 5,2025-09-12T14:24:02
100449,0,2025-09-13,064354,250927,Issue,I,453.463.850,L250913-03,MP-01,366.428,kg,PLANTA CRE | Proceso OK,513.081.001,Operario A,Tanque 3,2025-09-13T06:43:54
100450,0,2025-09-13,083152,250920,Issue,I,453.369.985,L250913-01,MP-01,373.596,kg,PLANTA CRE | Proceso OK,512.083.127,Operario C,Tanque 5,2025-09-13T08:31:52
100451,0,2025-09-13,101829,250933,Issue,I,453.344.277,L250913-03,MP-02,280.1,kg,PLANTA CRE | Proceso OK,501.025.105,Operario A,Línea 2,2025-09-13T10:18:29
100452,0,2025-09-13,105556,250921,Issue,I,455.253.249,L250913-03,MP-03,429.437,kg,PLANTA MAK | Proceso OK,512.179.010,Operario A,Línea 1,2025-09-13T10:55:56
100450,1,2025-09-13,125955,250920,Issue,I,453.369.985,L250913-01,MP-03,1316.014,kg,PLANTA CRE | Proceso OK,512.083.127,Operario C,Tanque 5,2025-09-13T12:59:55
100451,1,2025-09-13,130431,250933,Issue,I,453.671.599,L250913-01,MP-03,1013.114,kg,PLANTA CRE | Proceso OK,501.025.105,Operario C,Línea 2,2025-09-13T13:04:31
100453,0,2025-09-13,143530,250912,Issue,I,454.359.604,L250913-02,AD-01,222.024,kg,PLANTA CRE | Proceso OK,501.174.148,Operario B,Tanque 3,2025-09-13T14:35:30
100452,1,2025-09-13,153405,250921,Issue,I,451.273.796,L250913-03,MP-01,155.873,kg,PLANTA MAK | Proceso OK,512.179.010,Operario C,Tanque 5,2025-09-13T15:34:05
100454,0,2025-09-14,110553,250917,Issue,I,452.422.904,L250914-02,MP-03,210.252,kg,PLANTA MAK | Proceso OK,512.077.000,Supervisor,Línea 1,2025-09-14T11:05:53
100455,0,2025-09-14,125934,250931,Issue,I,454.522.435,L250914-03,AD-01,218.378,kg,PLANTA MAK | Proceso OK,512.179.127,Operario B,Tanque 3,2025-09-14T12:59:34
100456,0,2025-09-15,060139,250933,Issue,I,455.941.668,L250915-03,MP-03,748.331,kg,PLANTA CRE | Proceso OK,501.025.105,Operario C,Línea 2,2025-09-15T06:01:39
100457,0,2025-09-15,102044,250923,Issue,I,451.182.950,L250915-03,MP-02,356.635,kg,PLANTA CRE | Proceso OK,505.042.024,Supervisor,Línea 1,2025-09-15T10:20:44
100458,0,2025-09-15,105025,250920,Issue,I,454.459.983,L250915-03,MP-01,347.282,kg,PLANTA CRE | Proceso OK,512.083.127,Operario B,Tanque 5,2025-09-15T10:50:25
100459,0,2025-09-15,131321,250917,Issue,I,452.422.904,L250915-01,MP-01,247.139,kg,PLANTA MAK | Proceso OK,512.077.000,Operario B,Línea 1,2025-09-15T13:13:21
100460,0,2025-09-15,131852,250918,Issue,I,452.649.445,L250915-03,MP-02,307.988,kg,PLANTA CRE | Proceso OK,501.065.088,Operario A,Línea 2,2025-09-15T13:18:52
100461,0,2025-09-15,150540,250936,Issue,I,452.949.092,L250915-01,MP-01,600.178,kg,PLANTA CRE | Proceso OK,505.005.088,Operario B,Tanque 5,2025-09-15T15:05:40
100462,0,2025-09-16,060701,250925,Issue,I,451.112.427,L250916-01,MP-02,293.353,kg,PLANTA MAK | Proceso OK,505.009.123,Operario C,Línea 2,2025-09-16T06:07:01
100463,0,2025-09-16,080618,250917,Issue,I,451.562.383,L250916-01,MP-02,1112.436,kg,PLANTA MAK | Proceso OK,512.077.000,Operario A,Línea 1,2025-09-16T08:06:18
100464,0,2025-09-16,101003,250921,Issue,I,455.253.249,L250916-01,MP-01,377.945,kg,PLANTA MAK | Proceso OK,512.179.010,Supervisor,Línea 1,2025-09-16T10:10:03
100465,0,2025-09-16,131609,250932,Issue,I,455.028.294,L250916-03,MP-02,320.471,kg,PLANTA MAK | Proceso OK,501.178.127,Supervisor,Tanque 5,2025-09-16T13:16:09
100466,0,2025-09-16,134009,250915,Issue,I,452.834.103,L250916-02,MP-01,680.405,kg,PLANTA CRE | Proceso OK,505.108.057,Supervisor,Tanque 3,2025-09-16T13:40:09
100467,0,2025-09-16,151134,250918,Issue,I,452.997.116,L250916-03,MP-03,591.877,kg,PLANTA CRE | Proceso OK,501.065.088,Supervisor,Línea 2,2025-09-16T15:11:34
100468,0,2025-09-16,183752,250910,Issue,I,454.903.048,L250916-01,MP-02,888.665,L,PLANTA CRE | Proceso OK,505.124.057,Supervisor,Línea 2,2025-09-16T18:37:52
100469,0,2025-09-17,083057,250911,Issue,I,452.388.395,L250917-03,AD-01,389.714,L,PLANTA MAK | Proceso OK,513.043.054,Operario B,Línea 1,2025-09-17T08:30:57
100470,0,2025-09-17,084937,250923,Issue,I,451.182.950,L250917-02,AD-01,337.587,L,PLANTA CRE | Proceso OK,505.042.024,Operario A,Línea 1,2025-09-17T08:49:37
100471,0,2025-09-17,111040,250917,Issue,I,455.448.405,L250917-01,AD-01,484.759,kg,PLANTA MAK | Proceso OK,512.077.000,Supervisor,Tanque 3,2025-09-17T11:10:40
100472,0,2025-09-17,141921,250921,Return,R,451.273.796,L250913-03,MP-01,45.468,kg,PLANTA MAK | Devolución parcial,512.179.010,Operario A,Línea 2,2025-09-17T14:19:21
100473,0,2025-09-17,162033,250932,Issue,I,455.028.294,L250917-01,MP-03,406.556,L,PLANTA MAK | Proceso OK,501.178.127,Supervisor,Tanque 5,2025-09-17T16:20:33
100474,0,2025-09-18,081753,250926,Issue,I,453.945.689,L250918-01,MP-03,1280.119,kg,PLANTA CRE | Proceso OK,501.030.054,Operario C,Línea 1,2025-09-18T08:17:53
100475,0,2025-09-18,125849,250922,Issue,I,452.514.283,L250918-01,MP-02,435.059,kg,PLANTA CRE | Proceso OK,512.101.019,Operario C,Línea 2,2025-09-18T12:58:49
100476,0,2025-09-18,142453,250930,Issue,I,451.721.574,L250918-01,AD-01,655.435,kg,PLANTA MAK | Proceso OK,513.016.057,Operario B,Línea 2,2025-09-18T14:24:53
100477,0,2025-09-18,151733,250919,Return,R,451.099.536,L250920-01,AD-01,187.372,kg,PLANTA CRE | Devolución parcial,505.157.043,Operario C,Línea 1,2025-09-18T15:17:33
100475,1,2025-09-18,160805,250922,Issue,I,453.641.310,L250918-01,MP-02,230.997,L,PLANTA CRE | Proceso OK,512.101.019,Operario C,Tanque 5,2025-09-18T16:08:05
100478,0,2025-09-18,164625,250920,Issue,I,454.459.983,L250918-02,MP-02,501.514,kg,PLANTA CRE | Proceso OK,512.083.127,Operario B,Línea 1,2025-09-18T16:46:25
100479,0,2025-09-18,185440,250935,Issue,I,451.468.626,L250918-01,MP-01,386.139,kg,PLANTA CRE | Proceso OK,505.167.010,Operario B,Línea 1,2025-09-18T18:54:40
100480,0,2025-09-19,060801,250928,Issue,I,453.206.198,L250919-01,MP-03,564.098,kg,PLANTA CRE | Proceso OK,501.148.043,Operario C,Tanque 5,2025-09-19T06:08:01
100481,0,2025-09-19,061029,250932,Issue,I,451.673.299,L250919-02,MP-01,504.566,kg,PLANTA MAK | Proceso OK,501.178.127,Operario C,Línea 1,2025-09-19T06:10:29
100482,0,2025-09-19,120421,250929,Issue,I,454.473.867,L250919-03,MP-02,302.24,kg,PLANTA CRE | Proceso OK,512.008.005,Operario B,Tanque 5,2025-09-19T12:04:21
100483,0,2025-09-19,123854,250925,Return,R,453.943.090,L250904-02,MP-01,245.281,kg,PLANTA MAK | Devolución parcial,505.009.123,Supervisor,Tanque 3,2025-09-19T12:38:54
100484,0,2025-09-19,141821,250913,Issue,I,455.529.716,L250919-01,AD-01,637.287,kg,PLANTA CRE | Proceso OK,505.164.088,Operario A,Línea 1,2025-09-19T14:18:21
100485,0,2025-09-19,175120,250912,Issue,I,455.440.235,L250919-03,MP-01,465.322,kg,PLANTA CRE | Proceso OK,501.174.148,Supervisor,Línea 2,2025-09-19T17:51:20
100486,0,2025-09-20,075438,250933,Return,R,455.941.668,L250915-03,MP-02,160.256,kg,PLANTA CRE | Devolución parcial,501.025.105,Operario A,Línea 1,2025-09-20T07:54:38
100487,0,2025-09-20,080517,250913,Issue,I,455.293.200,L250920-01,MP-03,288.932,kg,PLANTA CRE | Proceso OK,505.164.088,Operario B,Línea 1,2025-09-20T08:05:17
100488,0,2025-09-20,084846,250921,Issue,I,454.668.586,L250920-01,MP-02,441.207,kg,PLANTA MAK | Proceso OK,512.179.010,Operario B,Tanque 3,2025-09-20T08:48:46
100489,0,2025-09-20,092838,250910,Issue,I,454.903.048,L250920-03,MP-01,123.0,ud,PLANTA CRE | Proceso OK,505.124.057,Operario C,Línea 1,2025-09-20T09:28:38
100490,0,2025-09-20,114332,250915,Issue,I,452.834.103,L250920-03,MP-02,800.94,kg,PLANTA CRE | Proceso OK,505.108.057,Operario C,Tanque 3,2025-09-20T11:43:32
100491,0,2025-09-20,122805,250924,Issue,I,454.510.876,L250920-01,MP-02,490.789,L,PLANTA MAK | Proceso OK,505.001.127,Supervisor,Tanque 5,2025-09-20T12:28:05
100492,0,2025-09-20,135140,250919,Issue,I,451.099.536,L250920-01,MP-02,794.387,kg,PLANTA CRE | Proceso OK,505.157.043,Supervisor,Línea 1,2025-09-20T13:51:40
100493,0,2025-09-20,144927,250933,Issue,I,454.473.792,L250920-03,AD-01,143.191,kg,PLANTA CRE | Proceso OK,501.025.105,Operario A,Línea 2,2025-09-20T14:49:27
100494,0,2025-09-20,144942,250927,Issue,I,453.463.850,L250920-02,AD-01,319.899,L,PLANTA CRE | Proceso OK,513.081.001,Operario A,Línea 1,2025-09-20T14:49:42
100495,0,2025-09-20,155058,250929,Issue,I,452.521.106,L250920-01,MP-02,213.855,kg,PLANTA CRE | Proceso OK,512.008.005,Operario C,Tanque 3,2025-09-20T15:50:58
100496,0,2025-09-20,160051,250912,Issue,I,455.101.436,L250920-03,MP-01,504.461,kg,PLANTA CRE | Proceso OK,501.174.148,Operario B,Tanque 5,2025-09-20T16:00:51
100497,0,2025-09-20,160122,250922,Issue,I,454.912.835,L250920-03,MP-02,2297.187,kg,PLANTA CRE | Proceso OK,512.101.019,Operario B,Línea 2,2025-09-20T16:01:22
100498,0,2025-09-20,160944,250918,Return,R,453.909.054,L250926-03,MP-01,63.436,kg,PLANTA CRE | Devolución parcial,501.065.088,Operario A,Tanque 3,2025-09-20T16:09:44
100499,0,2025-09-21,060404,250933,Return,R,454.473.792,L250920-03,AD-01,10.963,kg,PLANTA CRE | Devolución parcial,501.025.105,Operario C,Línea 1,2025-09-21T06:04:04
100500,0,2025-09-21,084904,250933,Issue,I,453.822.101,L250921-02,AD-01,642.201,kg,PLANTA CRE | Proceso OK,501.025.105,Operario C,Tanque 3,2025-09-21T08:49:04
100501,0,2025-09-21,105911,250910,Issue,I,453.398.481,L250921-03,MP-02,254.648,kg,PLANTA CRE | Proceso OK,505.124.057,Operario A,Línea 2,2025-09-21T10:59:11
100501,1,2025-09-21,124124,250910,Issue,I,452.065.271,L250921-03,MP-03,1259.016,kg,PLANTA CRE | Proceso OK,505.124.057,Operario C,Línea 2,2025-09-21T12:41:24
100502,0,2025-09-21,133414,250916,Issue,I,451.680.366,L250921-03,AD-01,272.7,kg,PLANTA MAK | Proceso OK,505.034.089,Operario C,Tanque 3,2025-09-21T13:34:14
100503,0,2025-09-22,073518,250913,Issue,I,451.803.614,L250922-03,MP-02,458.89,kg,PLANTA CRE | Proceso OK,505.164.088,Operario A,Línea 1,2025-09-22T07:35:18
100504,0,2025-09-22,131337,250910,Issue,I,452.531.930,L250922-02,MP-01,630.151,kg,PLANTA CRE | Proceso OK,505.124.057,Supervisor,Tanque 5,2025-09-22T13:13:37
100505,0,2025-09-22,140643,250933,Issue,I,455.941.668,L250922-01,MP-01,369.28,kg,PLANTA CRE | Proceso OK,501.025.105,Supervisor,Línea 1,2025-09-22T14:06:43
100506,0,2025-09-22,150927,250922,Issue,I,452.514.283,L250922-03,MP-02,975.975,kg,PLANTA CRE | Proceso OK,512.101.019,Supervisor,Línea 2,2025-09-22T15:09:27
100507,0,2025-09-22,152031,250914,Issue,I,454.979.362,L250922-01,MP-01,581.818,kg,PLANTA MAK | Proceso OK,501.098.148,Supervisor,Tanque 3,2025-09-22T15:20:31
100508,0,2025-09-22,153225,250929,Issue,I,452.521.106,L250922-02,MP-03,646.569,kg,PLANTA CRE | Proceso OK,512.008.005,Operario A,Línea 1,2025-09-22T15:32:25
100509,0,2025-09-22,180237,250935,Issue,I,451.468.626,L250922-01,MP-02,583.358,kg,PLANTA CRE | Proceso OK,505.167.010,Operario C,Línea 2,2025-09-22T18:02:37
100510,0,2025-09-23,060549,250925,Issue,I,453.943.090,L250923-03,MP-02,512.184,kg,PLANTA MAK | Proceso OK,505.009.123,Supervisor,Tanque 3,2025-09-23T06:05:49
100511,0,2025-09-23,075251,250928,Issue,I,453.284.546,L250923-03,MP-01,313.005,kg,PLANTA CRE | Proceso OK,501.148.043,Supervisor,Línea 2,2025-09-23T07:52:51
100512,0,2025-09-23,084242,250929,Return,R,454.473.867,L250919-03,AD-01,59.766,kg,PLANTA CRE | Devolución parcial,512.008.005,Operario C,Línea 2,2025-09-23T08:42:42
100513,0,2025-09-23,142142,250919,Issue,I,451.207.110,L250923-01,MP-02,377.991,kg,PLANTA CRE | Proceso OK,505.157.043,Operario B,Tanque 5,2025-09-23T14:21:42
100514,0,2025-09-23,161733,250936,Issue,I,452.949.092,L250923-02,MP-02,396.915,L,PLANTA CRE | Proceso OK,505.005.088,Operario B,Línea 2,2025-09-23T16:17:33
100515,0,2025-09-23,180238,250923,Issue,I,451.948.277,L250923-02,MP-02,462.22,kg,PLANTA CRE | Proceso OK,505.042.024,Supervisor,Tanque 5,2025-09-23T18:02:38
100516,0,2025-09-24,060846,250915,Issue,I,453.824.242,L250924-02,AD-01,304.155,kg,PLANTA CRE | Proceso OK,505.108.057,Operario B,Línea 2,2025-09-24T06:08:46
100516,1,2025-09-24,062607,250915,Issue,I,455.135.590,L250924-02,MP-03,435.075,kg,PLANTA CRE | Proceso OK,505.108.057,Operario C,Tanque 3,2025-09-24T06:26:07
100517,0,2025-09-24,074614,250919,Issue,I,451.045.856,L250924-02,MP-01,301.008,kg,PLANTA CRE | Proceso OK,505.157.043,Operario B,Línea 1,2025-09-24T07:46:14
100518,0,2025-09-24,093812,250913,Issue,I,451.803.614,L250924-03,MP-03,523.296,L,PLANTA CRE | Proceso OK,505.164.088,Operario C,Tanque 3,2025-09-24T09:38:12
100519,0,2025-09-24,105702,250918,Issue,I,452.997.116,L250924-03,AD-01,688.721,kg,PLANTA CRE | Proceso OK,501.065.088,Operario C,Línea 2,2025-09-24T10:57:02
100520,0,2025-09-24,112235,250925,Issue,I,452.166.689,L250924-03,AD-01,448.017,L,PLANTA MAK | Proceso OK,505.009.123,Supervisor,Línea 1,2025-09-24T11:22:35
100521,0,2025-09-24,113449,250931,Issue,I,454.364.232,L250924-03,MP-01,313.513,kg,PLANTA MAK | Proceso OK,512.179.127,Operario C,Línea 1,2025-09-24T11:34:49
100522,0,2025-09-24,113500,250933,Issue,I,455.941.668,L250924-03,MP-02,814.966,kg,PLANTA CRE | Proceso OK,501.025.105,Operario C,Línea 2,2025-09-24T11:35:00
100523,0,2025-09-24,113506,250929,Issue,I,452.290.787,L250924-03,AD-01,517.84,L,PLANTA CRE | Proceso OK,512.008.005,Operario A,Tanque 5,2025-09-24T11:35:06
100524,0,2025-09-24,140628,250923,Issue,I,451.948.277,L250924-03,MP-03,305.586,L,PLANTA CRE | Proceso OK,505.042.024,Supervisor,Línea 1,2025-09-24T14:06:28
100525,0,2025-09-24,173714,250934,Issue,I,453.927.401,L250924-01,MP-02,455.849,kg,PLANTA MAK | Proceso OK,513.115.000,Supervisor,Línea 2,2025-09-24T17:37:14
100526,0,2025-09-25,084945,250923,Issue,I,454.888.632,L250925-02,MP-02,765.723,kg,PLANTA CRE | Proceso OK,505.042.024,Operario B,Línea 2,2025-09-25T08:49:45
100527,0,2025-09-25,103302,250920,Return,R,453.369.985,L250913-01,MP-01,140.392,kg,PLANTA CRE | Devolución parcial,512.083.127,Supervisor,Línea 1,2025-09-25T10:33:02
100528,0,2025-09-25,121254,250917,Issue,I,451.562.383,L250925-03,MP-03,1044.38,kg,PLANTA MAK | Proceso OK,512.077.000,Operario C,Tanque 3,2025-09-25T12:12:54
100528,1,2025-09-25,143011,250917,Issue,I,452.422.904,L250925-01,MP-03,47.0,ud,PLANTA MAK | Proceso OK,512.077.000,Supervisor,Línea 1,2025-09-25T14:30:11
100528,2,2025-09-25,174906,250917,Issue,I,455.448.405,L250925-01,MP-01,59.0,ud,PLANTA MAK | Proceso OK,512.077.000,Operario B,Tanque 5,2025-09-25T17:49:06
100529,0,2025-09-25,175931,250916,Issue,I,453.885.488,L250925-02,MP-03,430.65,L,PLANTA MAK | Proceso OK,505.034.089,Supervisor,Línea 1,2025-09-25T17:59:31
100530,0,2025-09-26,070938,250932,Issue,I,455.174.587,L250926-02,MP-02,268.941,kg,PLANTA MAK | Proceso OK,501.178.127,Operario A,Tanque 3,2025-09-26T07:09:38
100531,0,2025-09-26,073634,250934,Issue,I,451.956.039,L250926-01,MP-01,657.56,kg,PLANTA MAK | Proceso OK,513.115.000,Supervisor,Tanque 5,2025-09-26T07:36:34
100532,0,2025-09-26,091031,250918,Issue,I,453.909.054,L250926-03,MP-02,471.274,kg,PLANTA CRE | Proceso OK,501.065.088,Operario C,Línea 1,2025-09-26T09:10:31
100533,0,2025-09-26,172840,250923,Issue,I,454.888.632,L250926-03,MP-01,286.926,kg,PLANTA CRE | Proceso OK,505.042.024,Operario A,Línea 1,2025-09-26T17:28:40
100532,1,2025-09-26,185728,250918,Issue,I,452.997.116,L250926-02,MP-02,256.663,kg,PLANTA CRE | Proceso OK,501.065.088,Operario C,Tanque 3,2025-09-26T18:57:28
100534,0,2025-09-27,073559,250914,Issue,I,452.820.324,L250927-02,MP-01,280.81,kg,PLANTA MAK | Proceso OK,501.098.148,Supervisor,Tanque 3,2025-09-27T07:35:59
100535,0,2025-09-27,075112,250935,Issue,I,453.841.813,L250927-01,MP-01,559.593,kg,PLANTA CRE | Proceso OK,505.167.010,Supervisor,Línea 2,2025-09-27T07:51:12
100536,0,2025-09-27,131014,250910,Issue,I,453.240.044,L250927-02,AD-01,369.277,L,PLANTA CRE | Proceso OK,505.124.057,Operario A,Línea 2,2025-09-27T13:10:14
100537,0,2025-09-27,142925,250929,Issue,I,454.473.867,L250927-01,MP-03,632.993,kg,PLANTA CRE | Proceso OK,512.008.005,Operario A,Tanque 3,2025-09-27T14:29:25
100538,0,2025-09-27,153710,250910,Return,R,452.531.930,L250922-02,MP-02,96.24,kg,PLANTA CRE | Devolución parcial,505.124.057,Operario A,Línea 2,2025-09-27T15:37:10
100539,0,2025-09-27,184515,250917,Return,R,452.422.904,L250925-01,AD-01,5.288,ud,PLANTA MAK | Devolución parcial,512.077.000,Operario A,Línea 1,2025-09-27T18:45:15
100540,0,2025-09-28,071021,250915,Issue,I,452.834.103,L250928-02,AD-01,976.833,kg,PLANTA CRE | Proceso OK,505.108.057,Supervisor,Línea 1,2025-09-28T07:10:21
100541,0,2025-09-28,093040,250931,Issue,I,454.364.232,L250928-02,AD-01,56.0,ud,PLANTA MAK | Proceso OK,512.179.127,Operario A,Línea 1,2025-09-28T09:30:40
100542,0,2025-09-28,100021,250921,Issue,I,454.668.586,L250928-03,MP-01,669.87,kg,PLANTA MAK | Proceso OK,512.179.010,Operario B,Línea 2,2025-09-28T10:00:21
100543,0,2025-09-28,114400,250914,Issue,I,455.549.010,L250928-01,AD-01,522.089,kg,PLANTA MAK | Proceso OK,501.098.148,Operario A,Tanque 5,2025-09-28T11:44:00
100544,0,2025-09-28,122427,250930,Issue,I,451.721.574,L250928-02,AD-01,353.785,kg,PLANTA MAK | Proceso OK,513.016.057,Operario C,Tanque 5,2025-09-28T12:24:27
100545,0,2025-09-28,141936,250926,Issue,I,452.199.339,L250928-02,AD-01,782.966,kg,PLANTA CRE | Proceso OK,501.030.054,Supervisor,Línea 1,2025-09-28T14:19:36
100546,0,2025-09-28,153829,250916,Issue,I,451.680.366,L250928-02,AD-01,204.513,kg,PLANTA MAK | Proceso OK,505.034.089,Operario B,Línea 2,2025-09-28T15:38:29
100547,0,2025-09-28,162823,250932,Issue,I,451.645.485,L250928-03,MP-01,476.735,kg,PLANTA MAK | Proceso OK,501.178.127,Operario B,Línea 2,2025-09-28T16:28:23
100548,0,2025-09-29,115212,250928,Issue,I,453.284.546,L250929-03,AD-01,437.259,kg,PLANTA CRE | Proceso OK,501.148.043,Operario C,Tanque 3,2025-09-29T11:52:12
100549,0,2025-09-29,130111,250923,Issue,I,451.182.950,L250929-01,AD-01,241.984,kg,PLANTA CRE | Proceso OK,505.042.024,Supervisor,Tanque 3,2025-09-29T13:01:11
100550,0,2025-09-29,142522,250910,Issue,I,453.240.044,L250929-03,MP-03,792.515,L,PLANTA CRE | Proceso OK,505.124.057,Supervisor,Línea 2,2025-09-29T14:25:22
100551,0,2025-09-29,144805,250915,Return,R,453.824.242,L250908-03,MP-01,116.862,kg,PLANTA CRE | Devolución parcial,505.108.057,Operario A,Tanque 5,2025-09-29T14:48:05
100549,1,2025-09-29,144840,250923,Issue,I,454.228.761,L250929-03,AD-01,22.0,ud,PLANTA CRE | Proceso OK,505.042.024,Operario A,Tanque 5,2025-09-29T14:48:40
100552,0,2025-09-29,160857,250911,Issue,I,452.112.017,L250929-03,MP-01,209.23,kg,PLANTA MAK | Proceso OK,513.043.054,Operario A,Tanque 5,2025-09-29T16:08:57
100553,0,2025-09-29,175136,250920,Issue,I,453.369.985,L250929-03,MP-01,270.713,kg,PLANTA CRE | Proceso OK,512.083.127,Operario C,Línea 1,2025-09-29T17:51:36
100548,1,2025-09-29,185556,250928,Issue,I,453.792.452,L250929-02,AD-01,718.881,kg,PLANTA CRE | Proceso OK,501.148.043,Operario B,Tanque 3,2025-09-29T18:55:56
100554,0,2025-09-29,185832,250914,Issue,I,454.979.362,L250929-03,MP-03,33.0,ud,PLANTA MAK | Proceso OK,501.098.148,Supervisor,Línea 2,2025-09-29T18:58:32
100555,0,2025-09-30,080148,250922,Issue,I,454.912.835,L250930-01,MP-02,575.722,kg,PLANTA CRE | Proceso OK,512.101.019,Operario A,Línea 2,2025-09-30T08:01:48
100556,0,2025-09-30,101314,250914,Issue,I,452.820.324,L250930-03,MP-02,933.404,kg,PLANTA MAK | Proceso OK,501.098.148,Operario B,Línea 2,2025-09-30T10:13:14
100557,0,2025-09-30,135858,250934,Issue,I,453.927.401,L250930-03,MP-02,883.5,kg,PLANTA MAK | Proceso OK,513.115.000,Supervisor,Línea 1,2025-09-30T13:58:58
100558,0,2025-09-30,143446,250922,Return,R,452.514.283,L250918-01,MP-02,83.188,kg,PLANTA CRE | Devolución parcial,512.101.019,Operario C,Línea 1,2025-09-30T14:34:46
100559,0,2025-09-30,162846,250932,Issue,I,455.174.587,L250930-02,AD-01,355.698,L,PLANTA MAK | Proceso OK,501.178.127,Supervisor,Línea 2,2025-09-30T16:28:46
100560,0,2025-09-30,162957,250926,Issue,I,452.199.339,L250930-01,MP-02,246.805,kg,PLANTA CRE | Proceso OK,501.030.054,Supervisor,Línea 2,2025-09-30T16:29:57
100557,1,2025-09-30,164105,250934,Issue,I,451.956.039,L250930-02,MP-03,44.0,ud,PLANTA MAK | Proceso OK,513.115.000,Supervisor,Línea 1,2025-09-30T16:41:05
